virus,location,strain,year,accession_number,collection_date,area
hCoV-19,USA,CA-CZB-2021,2020,EPI_ISL_486273,2020-05-04,NorthAmerica
hCoV-19,Wuhan,WIV04,2019,EPI_ISL_402124,2019-12-30,China
hCoV-19,India,GJ-GBRC99,2020,EPI_ISL_450788,2020-05-06,Asia
hCoV-19,England,NORW-ED3E2,2020,EPI_ISL_472362,2020-06-01,Europe
hCoV-19,Hong Kong,HKU-200723-098,2020,EPI_ISL_497865,2020-04-14,Asia
hCoV-19,Scotland,EDB5128,2020,EPI_ISL_456977,2020-05-17,Europe
hCoV-19,Germany,NW-HHU-42-2,2020,EPI_ISL_425127,2020-03-19,Europe
hCoV-19,USA,MI-UM-2006S000856,2020,EPI_ISL_484713,2020-03-31,NorthAmerica
hCoV-19,England,BRIS-12705D,2020,EPI_ISL_469641,2020-04-23,Europe
hCoV-19,Australia,VIC2012,2020,EPI_ISL_480654,2020-06-01,Oceania
hCoV-19,England,CAMB-1B5018,2020,EPI_ISL_477811,2020-06-21,Europe
hCoV-19,England,QEUH-7A8FF7,2020,EPI_ISL_533042,2020-07-08,Europe
hCoV-19,USA,MN-MDH-1362,2020,EPI_ISL_507951,2020-04-22,NorthAmerica
hCoV-19,England,20226015704,2020,EPI_ISL_528932,2020-05-19,Europe
hCoV-19,England,PRIN-254BD34,2020,EPI_ISL_509443,2020-05-08,Europe
hCoV-19,USA,WA-S395,2020,EPI_ISL_434155,2020-03-30,NorthAmerica
hCoV-19,Australia,VIC5929,2020,EPI_ISL_518708,2020-07-19,Oceania
hCoV-19,England,LIVE-A8037,2020,EPI_ISL_517105,2020-03-26,Europe
hCoV-19,Canada,QC-LSPQ-L00232073,2020,EPI_ISL_535973,2020-03-22,NorthAmerica
hCoV-19,England,QEUH-960B5F,2020,EPI_ISL_532066,2020-08-04,Europe
hCoV-19,USA,WI-UW-746,2020,EPI_ISL_491419,2020-07-02,NorthAmerica
hCoV-19,Scotland,EDB1105,2020,EPI_ISL_433396,2020-04-08,Europe
hCoV-19,Australia,VIC4250,2020,EPI_ISL_519578,2020-07-13,Oceania
hCoV-19,Australia,VIC6416,2020,EPI_ISL_521208,2020-07-23,Oceania
hCoV-19,USA,WI-UW-372,2020,EPI_ISL_480354,2020-05-20,NorthAmerica
hCoV-19,Wales,PHWC-29D37,2020,EPI_ISL_474249,2020-04-02,Europe
hCoV-19,USA,CA-CZB043,2020,EPI_ISL_429048,2020-03-25,NorthAmerica
hCoV-19,Wuhan,HB-WH2-165,2020,EPI_ISL_455375,2020-02-11,Asia
hCoV-19,England,EXET-1361D0,2020,EPI_ISL_457209,2020-04-14,Europe
hCoV-19,USA,FL-Miami-06_UMTL-A3MJ,2020,EPI_ISL_479766,2020-04-09,NorthAmerica
hCoV-19,USA,CA-ALSR-1120,2020,EPI_ISL_494373,2020-04-03,NorthAmerica
hCoV-19,USA,WA-S1759,2020,EPI_ISL_496185,2020-06-01,NorthAmerica
hCoV-19,Canada,BC_07911261,2020,EPI_ISL_477095,2020-04-00,NorthAmerica
hCoV-19,USA,CT-Yale-120,2020,EPI_ISL_431084,2020-04-11,NorthAmerica
hCoV-19,USA,FL-UF-18,2020,EPI_ISL_468722,2020-04-09,NorthAmerica
hCoV-19,Spain,CL-IBV-97006173,2020,EPI_ISL_537320,2020-04-06,Europe
hCoV-19,Australia,VIC5094,2020,EPI_ISL_519897,2020-07-19,Oceania
hCoV-19,England,NORT-281409,2020,EPI_ISL_488770,2020-03-14,Europe
hCoV-19,Australia,VIC2065,2020,EPI_ISL_480755,2020-06-15,Oceania
hCoV-19,Denmark,ALAB-HH-113,2020,EPI_ISL_451997,2020-03-09,Europe
hCoV-19,Canada,NS_60,2020,EPI_ISL_482476,2020-03-17,NorthAmerica
hCoV-19,Wales,PHWC-275AA,2020,EPI_ISL_431975,2020-03-31,Europe
hCoV-19,Scotland,GCVR-16FA4C,2020,EPI_ISL_489688,2020-03-17,Europe
hCoV-19,England,201080024,2020,EPI_ISL_464430,2020-03-05,Europe
hCoV-19,USA,WA-UW-3849,2020,EPI_ISL_486094,2020-03-26,NorthAmerica
hCoV-19,England,GSTT-265DFA1,2020,EPI_ISL_484133,2020-03-29,Europe
hCoV-19,Australia,VIC4509,2020,EPI_ISL_518920,2020-07-17,Oceania
hCoV-19,USA,UT-UPHL-2008771,2020,EPI_ISL_524804,2020-06-01,NorthAmerica
hCoV-19,Canada,Qc-L00240893,2020,EPI_ISL_465692,2020-03-27,NorthAmerica
hCoV-19,Wales,PHWC-30993,2020,EPI_ISL_446300,2020-04-08,Europe
hCoV-19,England,20182006804,2020,EPI_ISL_465445,2020-04-27,Europe
hCoV-19,USA,VA-DCLS-0602,2020,EPI_ISL_526819,2020-03-29,NorthAmerica
hCoV-19,England,BRIS-121BF8,2020,EPI_ISL_440165,2020-03-17,Europe
hCoV-19,India,PB-NCDC-01538,2020,EPI_ISL_435062,2020-03-16,Asia
hCoV-19,Hong Kong,HKU-200723-086,2020,EPI_ISL_497853,2020-07-12,Asia
hCoV-19,Nigeria,ON191-CV49,2020,EPI_ISL_487106,2020-06-30,Africa
hCoV-19,USA,WA-UW-6335,2020,EPI_ISL_430969,2020-04-02,NorthAmerica
hCoV-19,USA,WY-WYPHL-00060,2020,EPI_ISL_462952,2020-03-26,NorthAmerica
hCoV-19,Switzerland,BS-ETHZ-200066,2020,EPI_ISL_510747,2020-07-15,Europe
hCoV-19,Switzerland,BS-UHB-42201261,2020,EPI_ISL_528287,2020-03-21,Europe
hCoV-19,USA,WA-S2073,2020,EPI_ISL_497501,2020-06-05,NorthAmerica
hCoV-19,Switzerland,SZ-ETHZ-200046,2020,EPI_ISL_510731,2020-07-10,Europe
hCoV-19,England,BRIS-18539BD,2020,EPI_ISL_492430,2020-04-16,Europe
hCoV-19,Netherlands,NA_655,2020,EPI_ISL_461090,2020-00-00,Europe
hCoV-19,Portugal,PT1412,2020,EPI_ISL_511371,2020-03-25,Europe
hCoV-19,USA,WA-S2532,2020,EPI_ISL_497164,2020-06-15,NorthAmerica
hCoV-19,USA,NY-NYUMC171,2020,EPI_ISL_426626,2020-04-01,NorthAmerica
hCoV-19,Australia,VIC5585,2020,EPI_ISL_518402,2020-07-19,Oceania
hCoV-19,England,LOND-12609C2,2020,EPI_ISL_516861,2020-04-04,Europe
hCoV-19,Brazil,RJ-UFRJ-32317,2020,EPI_ISL_492040,2020-04-30,SouthAmerica
hCoV-19,England,CAMB-77BD6,2020,EPI_ISL_440833,2020-04-03,Europe
hCoV-19,USA,TX-HMH0130,2020,EPI_ISL_434830,2020-03-21,NorthAmerica
hCoV-19,Spain,AN-IBV-98002907,2020,EPI_ISL_538681,2020-03-18,Europe
hCoV-19,Australia,QLD971,2020,EPI_ISL_530235,2020-04-11,Oceania
hCoV-19,England,CAMB-1ABD1E,2020,EPI_ISL_470192,2020-04-21,Europe
hCoV-19,Netherlands,ZH-EMC-460,2020,EPI_ISL_523797,2020-08-12,Europe
hCoV-19,DRC,3787,2020,EPI_ISL_447241,2020-04-24,Africa
hCoV-19,England,QEUH-5EDAAC,2020,EPI_ISL_533258,2020-06-16,Europe
hCoV-19,USA,NY-NYUMC155,2020,EPI_ISL_424962,2020-04-01,NorthAmerica
hCoV-19,India,WB-S64,2020,EPI_ISL_508454,2020-05-24,Asia
hCoV-19,USA,CA-CSMC32,2020,EPI_ISL_475643,2020-04-13,NorthAmerica
hCoV-19,USA,VA-DCLS-0376,2020,EPI_ISL_463132,2020-05-12,NorthAmerica
hCoV-19,India,UT-AR17,2020,EPI_ISL_508164,2020-05-27,Asia
hCoV-19,England,NOTT-11269F,2020,EPI_ISL_490562,2020-07-04,Europe
hCoV-19,Ireland,LK-NVRL-72IRL07419,2020,EPI_ISL_528443,2020-08-09,Europe
hCoV-19,Wales,PHWC-15C0AA,2020,EPI_ISL_472433,2020-04-20,Europe
hCoV-19,France,HF3036,2020,EPI_ISL_420053,2020-03-19,Europe
hCoV-19,Scotland,CVR2453,2020,EPI_ISL_477944,2020-04-14,Europe
hCoV-19,Peru,LIM-INS-024,2020,EPI_ISL_491429,2020-03-25,SouthAmerica
hCoV-19,Portugal,PT0750,2020,EPI_ISL_511009,2020-03-23,Europe
hCoV-19,USA,WA-S845,2020,EPI_ISL_463335,2020-04-23,NorthAmerica
hCoV-19,Mexico,CHP-InDRE-23,2020,EPI_ISL_493338,2020-05-04,NorthAmerica
hCoV-19,USA,UN-UW382,2020,EPI_ISL_418947,2020-03-16,NorthAmerica
hCoV-19,South Africa,KRISP-K002544,2020,EPI_ISL_535414,2020-07-30,Africa
hCoV-19,England,CAMB-76515,2020,EPI_ISL_438475,2020-03-29,Europe
hCoV-19,USA,WI-WSLH-200061,2020,EPI_ISL_471226,2020-04-13,NorthAmerica
hCoV-19,England,QEUH-962DA2,2020,EPI_ISL_531736,2020-08-11,Europe
hCoV-19,Australia,VIC4907,2020,EPI_ISL_519283,2020-07-14,Oceania
hCoV-19,Canada,QC-LSPQ-L00232113,2020,EPI_ISL_535979,2020-03-22,NorthAmerica
hCoV-19,England,SHEF-C3E78,2020,EPI_ISL_441955,2020-04-12,Europe
hCoV-19,Iceland,577,2020,EPI_ISL_424597,2020-03-27,Europe
hCoV-19,Wales,PHWC-2A6C2,2020,EPI_ISL_445606,2020-04-05,Europe
hCoV-19,Singapore,782,2020,EPI_ISL_509392,2020-06-18,Asia
hCoV-19,USA,UT-08710,2020,EPI_ISL_524768,2020-05-18,NorthAmerica
hCoV-19,Turkey,KU-035,2020,EPI_ISL_495445,2020-06-17,Europe
hCoV-19,England,SHEF-CE833,2020,EPI_ISL_499347,2020-04-06,Europe
hCoV-19,USA,MI-MDHHS-SC21564,2020,EPI_ISL_516291,2020-03-20,NorthAmerica
hCoV-19,Australia,VIC2878,2020,EPI_ISL_521709,2020-07-06,Oceania
hCoV-19,England,20128037306,2020,EPI_ISL_423955,2020-03-18,Europe
hCoV-19,Scotland,EDB6211,2020,EPI_ISL_473915,2020-05-19,Europe
hCoV-19,Spain,RI-IBV-99005900,2020,EPI_ISL_537439,2020-03-20,Europe
hCoV-19,Switzerland,BS-UHB-42202078,2020,EPI_ISL_528317,2020-03-22,Europe
hCoV-19,Australia,VIC4280,2020,EPI_ISL_519608,2020-07-14,Oceania
hCoV-19,Shanghai,SH0070,2020,EPI_ISL_416373,2020-02-07,Asia
hCoV-19,India,OR-ILSCV24917,2020,EPI_ISL_463088,2020-05-18,Asia
hCoV-19,England,LEED-2A9711,2020,EPI_ISL_538764,2020-04-12,Europe
hCoV-19,England,BRIS-128951,2020,EPI_ISL_458790,2020-04-14,Europe
hCoV-19,USA,TX-DSHS-0344,2020,EPI_ISL_538282,2020-06-13,NorthAmerica
hCoV-19,England,CAMB-7C685,2020,EPI_ISL_441547,2020-04-06,Europe
hCoV-19,Portugal,PT0016,2020,EPI_ISL_418001,2020-03-10,Europe
hCoV-19,England,SHEF-C6640,2020,EPI_ISL_453720,2020-04-22,Europe
hCoV-19,England,QEUH-964DEC,2020,EPI_ISL_530955,2020-08-11,Europe
hCoV-19,USA,UT-UPHL-2009287,2020,EPI_ISL_525266,2020-05-18,NorthAmerica
hCoV-19,Australia,VIC3081,2020,EPI_ISL_520788,2020-07-10,Oceania
hCoV-19,Australia,VIC1319,2020,EPI_ISL_430700,2020-04-11,Oceania
hCoV-19,England,SHEF-C086E,2020,EPI_ISL_420163,2020-03-25,Europe
hCoV-19,USA,LA-GBCL-26684493,2020,EPI_ISL_485303,2020-04-10,NorthAmerica
hCoV-19,USA,CA-ALSR-0843-IPL,2020,EPI_ISL_483394,2020-05-01,NorthAmerica
hCoV-19,Switzerland,BS-UHB-42184828,2020,EPI_ISL_527980,2020-03-10,Europe
hCoV-19,South Africa,KRISP-K000650,2020,EPI_ISL_509294,2020-07-13,Africa
hCoV-19,Scotland,EDB1436,2020,EPI_ISL_433447,2020-04-12,Europe
hCoV-19,England,NORT-284DDE,2020,EPI_ISL_488574,2020-03-27,Europe
hCoV-19,Spain,AR-ISCIII-201672,2020,EPI_ISL_539507,2020-03-07,Europe
hCoV-19,Netherlands,NB-EMC-237,2020,EPI_ISL_523360,2020-06-03,Europe
hCoV-19,England,SHEF-CB0F2,2020,EPI_ISL_432502,2020-03-25,Europe
hCoV-19,England,CAMB-1AB65F,2020,EPI_ISL_470332,2020-04-21,Europe
hCoV-19,England,20102003704,2020,EPI_ISL_464274,2020-03-01,Europe
hCoV-19,DRC,6784,2020,EPI_ISL_495636,2020-05-11,Africa
hCoV-19,England,CAMB-7D10B,2020,EPI_ISL_442338,2020-04-06,Europe
hCoV-19,India,TG-CCMB-L1023,2020,EPI_ISL_495162,2020-05-11,Asia
hCoV-19,England,CAMB-7D693,2020,EPI_ISL_441769,2020-04-07,Europe
hCoV-19,England,SHEF-C9D39,2020,EPI_ISL_432475,2020-03-21,Europe
hCoV-19,USA,VA-DCLS-0533,2020,EPI_ISL_485834,2020-03-11,NorthAmerica
hCoV-19,South Africa,R10519,2020,EPI_ISL_490284,2020-06-08,Africa
hCoV-19,Hungary,SRC-00278w,2020,EPI_ISL_435427,2020-03-25,Europe
hCoV-19,England,NORT-29C84B,2020,EPI_ISL_488132,2020-04-23,Europe
hCoV-19,USA,LA-BIE-032,2020,EPI_ISL_463280,2020-04-06,NorthAmerica
hCoV-19,Sweden,20-14827,2020,EPI_ISL_469063,2020-05-19,Europe
hCoV-19,Portugal,PT0849,2020,EPI_ISL_511108,2020-03-27,Europe
hCoV-19,Australia,VIC3595,2020,EPI_ISL_520341,2020-07-09,Oceania
hCoV-19,USA,WA-S688,2020,EPI_ISL_449858,2020-04-08,NorthAmerica
hCoV-19,USA,WA-S1840,2020,EPI_ISL_496266,2020-05-27,NorthAmerica
hCoV-19,Wales,PHWC-169A9D,2020,EPI_ISL_514574,2020-07-28,Europe
hCoV-19,Wales,PHWC-2ECEA,2020,EPI_ISL_446140,2020-04-07,Europe
hCoV-19,USA,TX-HMH0144,2020,EPI_ISL_434843,2020-03-22,NorthAmerica
hCoV-19,USA,WA-S2463,2020,EPI_ISL_497095,2020-06-14,NorthAmerica
hCoV-19,England,CAMB-1ADF07,2020,EPI_ISL_459413,2020-04-26,Europe
hCoV-19,USA,UT-UPHL-2008936,2020,EPI_ISL_525041,2020-05-26,NorthAmerica
hCoV-19,South Africa,R10836,2020,EPI_ISL_490309,2020-06-18,Africa
hCoV-19,Latvia,107,2020,EPI_ISL_515194,2020-08-05,Europe
hCoV-19,England,BRIS-12C243,2020,EPI_ISL_469437,2020-05-10,Europe
hCoV-19,USA,VA-DCLS-0299,2020,EPI_ISL_463102,2020-05-18,NorthAmerica
hCoV-19,USA,WI-UW-767,2020,EPI_ISL_495472,2020-07-03,NorthAmerica
hCoV-19,England,LEED-2A941A,2020,EPI_ISL_538831,2020-04-14,Europe
hCoV-19,USA,MD-MDH-0035,2020,EPI_ISL_481280,2020-04-07,NorthAmerica
hCoV-19,Poland,IHG_PAS_3_57,2020,EPI_ISL_462480,2020-05-13,Europe
hCoV-19,Scotland,EDB607,2020,EPI_ISL_433214,2020-04-01,Europe
hCoV-19,USA,WA-S355,2020,EPI_ISL_434115,2020-03-25,NorthAmerica
hCoV-19,England,20142019504,2020,EPI_ISL_423443,2020-03-30,Europe
hCoV-19,Australia,NSW834,2020,EPI_ISL_526176,2020-08-06,Oceania
hCoV-19,New Zealand,20VR0994,2020,EPI_ISL_456177,2020-03-17,Oceania
hCoV-19,Denmark,ALAB-SSI425A,2020,EPI_ISL_429524,2020-03-24,Europe
hCoV-19,USA,MN-MDH-1084,2020,EPI_ISL_470764,2020-06-03,NorthAmerica
hCoV-19,England,NOTT-110260,2020,EPI_ISL_441489,2020-04-11,Europe
hCoV-19,England,NORT-282B4F,2020,EPI_ISL_488565,2020-03-28,Europe
hCoV-19,England,20119030104,2020,EPI_ISL_465041,2020-03-14,Europe
hCoV-19,Wales,PHWC-165CB9,2020,EPI_ISL_490789,2020-05-14,Europe
hCoV-19,USA,WA-S2022,2020,EPI_ISL_497450,2020-06-05,NorthAmerica
hCoV-19,USA,WA-UW-3069,2020,EPI_ISL_486088,2020-03-27,NorthAmerica
hCoV-19,Sweden,20-08690,2020,EPI_ISL_429133,2020-03-26,Europe
hCoV-19,England,NORT-29504A,2020,EPI_ISL_478629,2020-03-29,Europe
hCoV-19,England,BRIS-123A35,2020,EPI_ISL_442764,2020-04-07,Europe
hCoV-19,Australia,VIC417,2020,EPI_ISL_426717,2020-03-25,Oceania
hCoV-19,England,NORT-29CD2E,2020,EPI_ISL_499791,2020-05-01,Europe
hCoV-19,England,BRIS-127D65,2020,EPI_ISL_469668,2020-04-17,Europe
hCoV-19,Iceland,79,2020,EPI_ISL_417679,2020-03-09,Europe
hCoV-19,England,CAMB-1B2DAB,2020,EPI_ISL_456725,2020-05-19,Europe
hCoV-19,England,SHEF-CAB01,2020,EPI_ISL_493697,2020-07-03,Europe
hCoV-19,England,NORW-E6ECA,2020,EPI_ISL_448989,2020-04-20,Europe
hCoV-19,England,NORW-E80A4,2020,EPI_ISL_449103,2020-04-13,Europe
hCoV-19,Scotland,CVR2288,2020,EPI_ISL_477894,2020-04-12,Europe
hCoV-19,England,BIRM-60244,2020,EPI_ISL_529365,2020-07-20,Europe
hCoV-19,Scotland,CVR4049,2020,EPI_ISL_535143,2020-08-30,Europe
hCoV-19,Ireland,LH-NVRL-71IRL81038,2020,EPI_ISL_512098,2020-07-24,Europe
hCoV-19,England,SHEF-C4132,2020,EPI_ISL_441959,2020-03-25,Europe
hCoV-19,England,CAMB-7772D,2020,EPI_ISL_439414,2020-03-31,Europe
hCoV-19,Wales,PHWC-3126A,2020,EPI_ISL_474323,2020-04-10,Europe
hCoV-19,England,BRIS-122456,2020,EPI_ISL_440630,2020-04-03,Europe
hCoV-19,England,CAMB-80DA7,2020,EPI_ISL_442832,2020-04-10,Europe
hCoV-19,Panama,335546,2020,EPI_ISL_496815,2020-04-02,NorthAmerica
hCoV-19,England,OXON-AC9B0,2020,EPI_ISL_448500,2020-04-05,Europe
hCoV-19,England,LOND-D3798,2020,EPI_ISL_440984,2020-03-31,Europe
hCoV-19,USA,WA-UW-5388,2020,EPI_ISL_486102,2020-04-05,NorthAmerica
hCoV-19,USA,IL-NM057,2020,EPI_ISL_444553,2020-03-18,NorthAmerica
hCoV-19,England,BRIS-12F6DB,2020,EPI_ISL_488228,2020-03-08,Europe
hCoV-19,India,WB-IK16,2020,EPI_ISL_508345,2020-04-24,Asia
hCoV-19,USA,CA-CZB-1533,2020,EPI_ISL_468478,2020-04-30,NorthAmerica
hCoV-19,England,20144001904,2020,EPI_ISL_423478,2020-03-30,Europe
hCoV-19,Netherlands,NA_31,2020,EPI_ISL_415488,2020-03-13,Europe
hCoV-19,Russia,StPetersburg-RII14570V,2020,EPI_ISL_507257,2020-05-14,Europe
hCoV-19,Wuhan,0126-C43,2020,EPI_ISL_493175,2020-01-26,Asia
hCoV-19,Portugal,PT0523,2020,EPI_ISL_454247,2020-03-23,Europe
hCoV-19,Wales,PHWC-15D20D,2020,EPI_ISL_472684,2020-05-05,Europe
hCoV-19,England,NORT-2846E2,2020,EPI_ISL_478564,2020-03-24,Europe
hCoV-19,USA,WA-UW-1865,2020,EPI_ISL_424330,2020-03-23,NorthAmerica
hCoV-19,USA,MI-MDHHS-SC20861,2020,EPI_ISL_471882,2020-04-29,NorthAmerica
hCoV-19,USA,MI-MDHHS-SC21055,2020,EPI_ISL_507831,2020-03-27,NorthAmerica
hCoV-19,Hong Kong,HKPU57-0702,2020,EPI_ISL_419227,2020-02-15,Asia
hCoV-19,Australia,VIC4239,2020,EPI_ISL_519567,2020-07-15,Oceania
hCoV-19,USA,MA-MGH-00179,2020,EPI_ISL_460451,2020-03-26,NorthAmerica
hCoV-19,Sweden,20-06928,2020,EPI_ISL_434660,2020-04-06,Europe
hCoV-19,India,GJ-GBRC-395b,2020,EPI_ISL_524765,2020-07-06,Asia
hCoV-19,England,QEUH-95F86B,2020,EPI_ISL_532323,2020-08-06,Europe
hCoV-19,England,QEUH-96AD9B,2020,EPI_ISL_531389,2020-08-15,Europe
hCoV-19,Scotland,QEUH-961FE9,2020,EPI_ISL_531788,2020-08-10,Europe
hCoV-19,Singapore,876,2020,EPI_ISL_536417,2020-08-28,Asia
hCoV-19,Israel,2089723,2020,EPI_ISL_447365,2020-04-01,Asia
hCoV-19,Spain,IB-IBV-2515,2020,EPI_ISL_469007,2020-03-21,Europe
hCoV-19,USA,SC-20-1402-T08,2020,EPI_ISL_516760,2020-07-01,NorthAmerica
hCoV-19,England,CAMB-81939,2020,EPI_ISL_443066,2020-04-12,Europe
hCoV-19,Belgium,ULG-10167,2020,EPI_ISL_447161,2020-04-19,Europe
hCoV-19,Wuhan,HB-WH5-231,2020,EPI_ISL_454974,2020-02-17,Asia
hCoV-19,Wales,PHWC-164ED2,2020,EPI_ISL_479394,2020-05-28,Europe
hCoV-19,USA,WA-S2560,2020,EPI_ISL_497192,2020-06-17,NorthAmerica
hCoV-19,Montenegro,ChVir-1794332002,2020,EPI_ISL_516926,2020-07-17,Europe
hCoV-19,England,PORT-2D0EEF,2020,EPI_ISL_475302,2020-04-24,Europe
hCoV-19,England,NORT-2922FC,2020,EPI_ISL_489082,2020-05-08,Europe
hCoV-19,Spain,MD-IBV-005333,2020,EPI_ISL_510211,2020-03-17,Europe
hCoV-19,Australia,VIC6177,2020,EPI_ISL_518182,2020-07-22,Oceania
hCoV-19,England,EKHU-260EFCD,2020,EPI_ISL_501628,2020-03-30,Europe
hCoV-19,Scotland,GCVR-173034,2020,EPI_ISL_524556,2020-04-06,Europe
hCoV-19,USA,CA-ALSR-0503-SAN,2020,EPI_ISL_483187,2020-04-02,NorthAmerica
hCoV-19,Switzerland,TI-ETHZ-190011,2020,EPI_ISL_500877,2020-07-03,Europe
hCoV-19,USA,WA-S1674,2020,EPI_ISL_496100,2020-05-29,NorthAmerica
hCoV-19,England,SHEF-C7928,2020,EPI_ISL_457620,2020-05-02,Europe
hCoV-19,Wales,PHWC-2A932,2020,EPI_ISL_445638,2020-04-07,Europe
hCoV-19,USA,OR-PROV-037,2020,EPI_ISL_482319,2020-03-26,NorthAmerica
hCoV-19,England,BIRM-60833,2020,EPI_ISL_483893,2020-06-19,Europe
hCoV-19,USA,PA-MGEL103,2020,EPI_ISL_454382,2020-03-31,NorthAmerica
hCoV-19,South Africa,KRISP-0067,2020,EPI_ISL_467451,2020-04-03,Africa
hCoV-19,Scotland,CVR3376,2020,EPI_ISL_456805,2020-05-07,Europe
hCoV-19,Thailand,Bangkok-CONI-0140,2020,EPI_ISL_455934,2020-03-14,Asia
hCoV-19,England,BRIS-127BC5,2020,EPI_ISL_469635,2020-04-17,Europe
hCoV-19,Australia,VIC718,2020,EPI_ISL_427002,2020-03-27,Oceania
hCoV-19,Netherlands,un-EMC-725,2020,EPI_ISL_523480,2020-04-13,Europe
hCoV-19,New Zealand,20VR2074,2020,EPI_ISL_456361,2020-04-08,Oceania
hCoV-19,Latvia,014,2020,EPI_ISL_437093,2020-03-22,Europe
hCoV-19,Portugal,PT1029,2020,EPI_ISL_511576,2020-03-26,Europe
hCoV-19,Sichuan,SC-WCH4-290,2020,EPI_ISL_451392,2020-01-24,Asia
hCoV-19,Japan,PG-0453,2020,EPI_ISL_480115,2020-03-21,Asia
hCoV-19,Portugal,PT0860,2020,EPI_ISL_511119,2020-03-27,Europe
hCoV-19,Russia,Chelyabinsk-85311,2020,EPI_ISL_428924,2020-03-28,Europe
hCoV-19,Senegal,306,2020,EPI_ISL_420069,2020-03-17,Africa
hCoV-19,Northern Ireland,NIRE-FEAF8,2020,EPI_ISL_489283,2020-05-05,Europe
hCoV-19,Singapore,314,2020,EPI_ISL_462432,2020-03-17,Asia
hCoV-19,England,CAMB-774CC,2020,EPI_ISL_439490,2020-03-31,Europe
hCoV-19,South Korea,KCDC2572,2020,EPI_ISL_514975,2020-06-26,Asia
hCoV-19,England,20126005604,2020,EPI_ISL_465798,2020-03-18,Europe
hCoV-19,England,LIVE-9A399,2020,EPI_ISL_440859,2020-04-16,Europe
hCoV-19,Singapore,121,2020,EPI_ISL_443213,2020-04-08,Asia
hCoV-19,USA,CA-CZB-2474,2020,EPI_ISL_513877,2020-04-22,NorthAmerica
hCoV-19,USA,WA-S1317,2020,EPI_ISL_495767,2020-05-13,NorthAmerica
hCoV-19,Turkey,KU-039,2020,EPI_ISL_495449,2020-05-26,Europe
hCoV-19,USA,MI-MDHHS-SC20674,2020,EPI_ISL_471698,2020-05-14,NorthAmerica
hCoV-19,USA,NY-PV09450,2020,EPI_ISL_450124,2020-03-19,NorthAmerica
hCoV-19,England,NORT-291D47,2020,EPI_ISL_489138,2020-05-05,Europe
hCoV-19,Scotland,CVR3010,2020,EPI_ISL_461619,2020-04-23,Europe
hCoV-19,Australia,SAP381,2020,EPI_ISL_492146,2020-03-21,Oceania
hCoV-19,USA,MI-MDHHS-SC20148,2020,EPI_ISL_436856,2020-03-24,NorthAmerica
hCoV-19,England,QEUH-961787,2020,EPI_ISL_536985,2020-08-01,Europe
hCoV-19,England,SHEF-CB8FA,2020,EPI_ISL_442392,2020-04-08,Europe
hCoV-19,England,NOTT-10FFD6,2020,EPI_ISL_441461,2020-04-14,Europe
hCoV-19,Scotland,EDB3652,2020,EPI_ISL_439304,2020-04-27,Europe
hCoV-19,Spain,AN-IBV-006110,2020,EPI_ISL_510440,2020-07-04,Europe
hCoV-19,New Zealand,20VR2014,2020,EPI_ISL_456333,2020-04-01,Oceania
hCoV-19,Spain,GA-IBV-002728,2020,EPI_ISL_467290,2020-04-15,Europe
hCoV-19,Bangladesh,BCSIR-NILMRC-295,2020,EPI_ISL_504179,2020-07-18,Asia
hCoV-19,England,CAMB-846B7,2020,EPI_ISL_440492,2020-03-10,Europe
hCoV-19,Portugal,PT1352,2020,EPI_ISL_511311,2020-03-25,Europe
hCoV-19,Australia,VIC3645,2020,EPI_ISL_520385,2020-07-08,Oceania
hCoV-19,Australia,VIC45,2020,EPI_ISL_419802,2020-03-11,Oceania
hCoV-19,England,20154001904,2020,EPI_ISL_466245,2020-04-06,Europe
hCoV-19,USA,FL-BPHL-0573,2020,EPI_ISL_508777,2020-03-19,NorthAmerica
hCoV-19,England,LIVE-A99FF,2020,EPI_ISL_517306,2020-03-24,Europe
hCoV-19,South Korea,KCDC2424,2020,EPI_ISL_514827,2020-06-04,Asia
hCoV-19,Scotland,QEUH-96E429,2020,EPI_ISL_534489,2020-08-20,Europe
hCoV-19,England,BRIS-12E5DF,2020,EPI_ISL_488330,2020-04-20,Europe
hCoV-19,USA,WA-S467,2020,EPI_ISL_434227,2020-04-02,NorthAmerica
hCoV-19,Australia,VIC3871,2020,EPI_ISL_520584,2020-07-13,Oceania
hCoV-19,France,HF1813,2020,EPI_ISL_418221,2020-03-02,Europe
hCoV-19,Scotland,QEUH-5E0F31,2020,EPI_ISL_533343,2020-06-17,Europe
hCoV-19,India,TG-CCMB-M106,2020,EPI_ISL_495181,2020-06-06,Asia
hCoV-19,Australia,SAP206,2020,EPI_ISL_468036,2020-03-30,Oceania
hCoV-19,England,NORT-29F1C5,2020,EPI_ISL_484323,2020-05-12,Europe
hCoV-19,Portugal,PT0738,2020,EPI_ISL_510997,2020-03-22,Europe
hCoV-19,Netherlands,GE-EMC-245,2020,EPI_ISL_523224,2020-00-00,Europe
hCoV-19,England,QEUH-53C69B,2020,EPI_ISL_532274,2020-05-18,Europe
hCoV-19,USA,WA-S2586,2020,EPI_ISL_497218,2020-06-19,NorthAmerica
hCoV-19,Australia,NSW659,2020,EPI_ISL_498778,2020-07-16,Oceania
hCoV-19,USA,LA-GBCL-26513051,2020,EPI_ISL_485881,2020-04-21,NorthAmerica
hCoV-19,Scotland,CVR3036,2020,EPI_ISL_461628,2020-04-23,Europe
hCoV-19,USA,WA-S1379,2020,EPI_ISL_495829,2020-05-19,NorthAmerica
hCoV-19,Portugal,PT0530,2020,EPI_ISL_454254,2020-04-06,Europe
hCoV-19,England,CAMB-79284,2020,EPI_ISL_441174,2020-04-03,Europe
hCoV-19,England,20119085604,2020,EPI_ISL_465117,2020-03-15,Europe
hCoV-19,England,EKHU-260F014,2020,EPI_ISL_501623,2020-04-16,Europe
hCoV-19,England,20132107704,2020,EPI_ISL_423845,2020-03-24,Europe
hCoV-19,Brazil,SP-128,2020,EPI_ISL_523955,2020-04-02,SouthAmerica
hCoV-19,USA,MD-MDH-0169,2020,EPI_ISL_534706,2020-06-03,NorthAmerica
hCoV-19,Portugal,PT0719,2020,EPI_ISL_510978,2020-03-25,Europe
hCoV-19,USA,FL-BPHL-0838,2020,EPI_ISL_514184,2020-06-20,NorthAmerica
hCoV-19,Wales,PHWC-1650CC,2020,EPI_ISL_479420,2020-06-09,Europe
hCoV-19,USA,MN-MDH-1007,2020,EPI_ISL_462852,2020-04-30,NorthAmerica
hCoV-19,Australia,VIC6090,2020,EPI_ISL_518115,2020-07-19,Oceania
hCoV-19,South Korea,KCDC2030,2020,EPI_ISL_497951,2020-02-20,Asia
hCoV-19,USA,WA-S176,2020,EPI_ISL_430214,2020-03-19,NorthAmerica
hCoV-19,USA,AZ-TG268770,2020,EPI_ISL_426511,2020-03-19,NorthAmerica
hCoV-19,England,20189166001,2020,EPI_ISL_465569,2020-05-01,Europe
hCoV-19,Australia,VIC2082,2020,EPI_ISL_521913,2020-06-21,Oceania
hCoV-19,USA,WA-S1574,2020,EPI_ISL_496000,2020-05-26,NorthAmerica
hCoV-19,England,QEUH-886BEB,2020,EPI_ISL_532820,2020-07-24,Europe
hCoV-19,England,SHEF-CB3AE,2020,EPI_ISL_442382,2020-03-25,Europe
hCoV-19,England,LIVE-A9BF9,2020,EPI_ISL_517336,2020-03-24,Europe
hCoV-19,Scotland,EDB6300,2020,EPI_ISL_487858,2020-04-04,Europe
hCoV-19,Wales,PHWC-32C7A,2020,EPI_ISL_446671,2020-04-15,Europe
hCoV-19,England,NORT-2896CF,2020,EPI_ISL_458649,2020-03-31,Europe
hCoV-19,England,CAMB-1B0E5F,2020,EPI_ISL_452968,2020-05-12,Europe
hCoV-19,Australia,VIC2880,2020,EPI_ISL_521711,2020-06-29,Oceania
hCoV-19,England,NORT-282CE2,2020,EPI_ISL_472227,2020-03-29,Europe
hCoV-19,England,QEUH-95F92C,2020,EPI_ISL_532494,2020-08-06,Europe
hCoV-19,USA,FL-BPHL-0394,2020,EPI_ISL_489803,2020-03-17,NorthAmerica
hCoV-19,Scotland,EDB6586,2020,EPI_ISL_478267,2020-05-13,Europe
hCoV-19,USA,VA-DCLS-0641,2020,EPI_ISL_495313,2020-04-11,NorthAmerica
hCoV-19,England,GSTT-265E1AA,2020,EPI_ISL_484164,2020-03-31,Europe
hCoV-19,England,QEUH-548939,2020,EPI_ISL_533352,2020-05-13,Europe
hCoV-19,Italy,ABR-IZSGC-TE26540,2020,EPI_ISL_436728,2020-04-27,Europe
hCoV-19,USA,CA-ALSR-0772-SAN,2020,EPI_ISL_483348,2020-04-10,NorthAmerica
hCoV-19,SaudiArabia,KAUST-JEDDAH528,2020,EPI_ISL_512945,2020-04-23,Asia
hCoV-19,England,OXON-B228F,2020,EPI_ISL_479133,2020-04-23,Europe
hCoV-19,Australia,VIC4555,2020,EPI_ISL_518965,2020-07-14,Oceania
hCoV-19,England,20109006104,2020,EPI_ISL_452255,2020-03-04,Europe
hCoV-19,USA,MI-MDHHS-SC20598,2020,EPI_ISL_462680,2020-04-29,NorthAmerica
hCoV-19,Wales,PHWC-33D76,2020,EPI_ISL_446818,2020-04-14,Europe
hCoV-19,Turkey,KU-010,2020,EPI_ISL_495420,2020-05-17,Europe
hCoV-19,Bahrain,920268866,2020,EPI_ISL_510531,2020-06-23,Asia
hCoV-19,England,CAMB-1AAAAF,2020,EPI_ISL_470168,2020-04-19,Europe
hCoV-19,Finland,6A959SIIC,2020,EPI_ISL_481711,2020-04-06,Europe
hCoV-19,USA,WA-S1911,2020,EPI_ISL_496337,2020-05-29,NorthAmerica
hCoV-19,Switzerland,BE-ETHZ-210060,2020,EPI_ISL_510793,2020-07-20,Europe
hCoV-19,Northern Ireland,QEUH-96C31F,2020,EPI_ISL_530890,2020-08-13,Europe
hCoV-19,Brazil,MG-CV19,2020,EPI_ISL_429679,2020-03-16,SouthAmerica
hCoV-19,Australia,SAP062,2020,EPI_ISL_451101,2020-03-28,Oceania
hCoV-19,Portugal,PT0699,2020,EPI_ISL_510958,2020-03-14,Europe
hCoV-19,USA,VA-DCLS-0418,2020,EPI_ISL_477634,2020-04-26,NorthAmerica
hCoV-19,Switzerland,BE-ETHZ-260155_982_H10,2020,EPI_ISL_539450,2020-08-26,Europe
hCoV-19,USA,NY-NYUMC564,2020,EPI_ISL_444681,2020-03-30,NorthAmerica
hCoV-19,Canada,QC-LSPQ-L00235107,2020,EPI_ISL_536086,2020-03-23,NorthAmerica
hCoV-19,Brazil,RJ-INCA-I57,2020,EPI_ISL_513583,2020-05-05,SouthAmerica
hCoV-19,England,CAMB-84A7F,2020,EPI_ISL_440505,2020-03-10,Europe
hCoV-19,England,CAMB-814B0,2020,EPI_ISL_442527,2020-04-10,Europe
hCoV-19,Wales,PHWC-168BE6,2020,EPI_ISL_494344,2020-04-01,Europe
hCoV-19,Oman,RESP-20-3515,2020,EPI_ISL_457980,2020-03-18,Asia
hCoV-19,England,201101364,2020,EPI_ISL_464658,2020-03-09,Europe
hCoV-19,Northern Ireland,QEUH-96DAA0,2020,EPI_ISL_530729,2020-08-20,Europe
hCoV-19,USA,UT-02597,2020,EPI_ISL_522262,2020-04-26,NorthAmerica
hCoV-19,Scotland,EDB5200,2020,EPI_ISL_493948,2020-05-19,Europe
hCoV-19,Wales,PHWC-23FEC,2020,EPI_ISL_418135,2020-03-15,Europe
hCoV-19,England,CAMB-7FD41,2020,EPI_ISL_470431,2020-04-10,Europe
hCoV-19,Spain,CT-ISCIII-2013595,2020,EPI_ISL_539547,2020-06-28,Europe
hCoV-19,USA,MN-MDH-1306,2020,EPI_ISL_495605,2020-04-18,NorthAmerica
hCoV-19,Switzerland,BE-ETHZ-150015plus,2020,EPI_ISL_483654,2020-06-08,Europe
hCoV-19,Wales,PHWC-2BC74,2020,EPI_ISL_445827,2020-04-09,Europe
hCoV-19,USA,MN-MDH-1147,2020,EPI_ISL_476732,2020-04-30,NorthAmerica
hCoV-19,Wales,PHWC-24C4E,2020,EPI_ISL_420933,2020-03-21,Europe
hCoV-19,USA,MI-MDHHS-SC20168,2020,EPI_ISL_436879,2020-03-27,NorthAmerica
hCoV-19,USA,WA-S1017,2020,EPI_ISL_463507,2020-04-30,NorthAmerica
hCoV-19,Bangladesh,BCSIR-NILMRC-282,2020,EPI_ISL_498466,2020-07-21,Asia
hCoV-19,Australia,VIC5321,2020,EPI_ISL_520084,2020-00-00,Oceania
hCoV-19,Switzerland,ZH-ETHZ-250107,2020,EPI_ISL_535622,2020-08-20,Europe
hCoV-19,England,CAMB-1ACABC,2020,EPI_ISL_489479,2020-04-23,Europe
hCoV-19,Switzerland,BE-ETHZ-230062,2020,EPI_ISL_516598,2020-08-05,Europe
hCoV-19,Northern Ireland,NIRE-1021CE,2020,EPI_ISL_441389,2020-03-14,Europe
hCoV-19,England,20134021104,2020,EPI_ISL_423113,2020-03-24,Europe
hCoV-19,India,TG-CCMB-J232,2020,EPI_ISL_447576,2020-04-02,Asia
hCoV-19,Scotland,EDB3837,2020,EPI_ISL_439335,2020-04-30,Europe
hCoV-19,Netherlands,NoordBrabant_110,2020,EPI_ISL_461146,2020-03-04,Europe
hCoV-19,South Africa,R10799,2020,EPI_ISL_490307,2020-06-17,Africa
hCoV-19,Portugal,PT0799,2020,EPI_ISL_511058,2020-03-19,Europe
hCoV-19,USA,MI-MDHHS-SC21393,2020,EPI_ISL_507647,2020-03-22,NorthAmerica
hCoV-19,Wales,PHWC-34892,2020,EPI_ISL_446987,2020-04-20,Europe
hCoV-19,USA,CA-ALSR-1586,2020,EPI_ISL_494674,2020-04-28,NorthAmerica
hCoV-19,DRC,4060,2020,EPI_ISL_471405,2020-04-27,Africa
hCoV-19,England,20124001302,2020,EPI_ISL_418684,2020-03-17,Europe
hCoV-19,USA,WA-S2030,2020,EPI_ISL_497458,2020-06-06,NorthAmerica
hCoV-19,England,OXON-ADD77,2020,EPI_ISL_448634,2020-00-00,Europe
hCoV-19,England,QEUH-8950CC,2020,EPI_ISL_532759,2020-07-24,Europe
hCoV-19,England,QEUH-9641E0,2020,EPI_ISL_536857,2020-08-12,Europe
hCoV-19,USA,VA-DCLS-0629,2020,EPI_ISL_495302,2020-04-10,NorthAmerica
hCoV-19,Spain,MD-H12-40,2020,EPI_ISL_529975,2020-04-05,Europe
hCoV-19,Iceland,74,2020,EPI_ISL_417701,2020-03-09,Europe
hCoV-19,England,BRIS-12BCDD,2020,EPI_ISL_469390,2020-05-15,Europe
hCoV-19,Luxembourg,LNS1667297,2020,EPI_ISL_445065,2020-04-17,Europe
hCoV-19,England,SHEF-C57E4,2020,EPI_ISL_479215,2020-06-02,Europe
hCoV-19,Netherlands,NB-EMC-208,2020,EPI_ISL_523331,2020-00-00,Europe
hCoV-19,Northern Ireland,QEUH-961CE2,2020,EPI_ISL_536977,2020-08-03,Europe
hCoV-19,Portugal,PT1312,2020,EPI_ISL_511271,2020-03-17,Europe
hCoV-19,England,LIVE-A8644,2020,EPI_ISL_517193,2020-03-26,Europe
hCoV-19,USA,WA-S1894,2020,EPI_ISL_496320,2020-05-28,NorthAmerica
hCoV-19,India,OR-RMRC162,2020,EPI_ISL_455762,2020-05-07,Asia
hCoV-19,Wales,PHWC-16329B,2020,EPI_ISL_473271,2020-05-14,Europe
hCoV-19,Belgium,rega-0414476,2020,EPI_ISL_476986,2020-04-14,Europe
hCoV-19,Spain,PV-IBV-000839,2020,EPI_ISL_452706,2020-03-11,Europe
hCoV-19,England,20149009004,2020,EPI_ISL_466142,2020-03-30,Europe
hCoV-19,USA,CA-ALSR-1311,2020,EPI_ISL_494489,2020-04-30,NorthAmerica
hCoV-19,Singapore,413,2020,EPI_ISL_475944,2020-04-21,Asia
hCoV-19,USA,UT-UPHL-2008878,2020,EPI_ISL_524992,2020-05-26,NorthAmerica
hCoV-19,USA,WA-UW-2244,2020,EPI_ISL_426127,2020-03-25,NorthAmerica
hCoV-19,Austria,CeMM0277,2020,EPI_ISL_438104,2020-03-25,Europe
hCoV-19,England,NORT-281C3E,2020,EPI_ISL_478475,2020-03-23,Europe
hCoV-19,England,200990002,2020,EPI_ISL_414522,2020-02-28,Europe
hCoV-19,Wales,PHWC-2617A,2020,EPI_ISL_422094,2020-03-25,Europe
hCoV-19,Singapore,441,2020,EPI_ISL_475972,2020-04-08,Asia
hCoV-19,Wales,PHWC-27A50,2020,EPI_ISL_431960,2020-03-30,Europe
hCoV-19,England,OXON-B1763,2020,EPI_ISL_479042,2020-04-25,Europe
hCoV-19,USA,WA-S879,2020,EPI_ISL_463369,2020-04-23,NorthAmerica
hCoV-19,Scotland,CVR882,2020,EPI_ISL_439128,2020-03-28,Europe
hCoV-19,England,CAMB-1ADE19,2020,EPI_ISL_459412,2020-04-25,Europe
hCoV-19,England,PORT-2D1112,2020,EPI_ISL_475329,2020-03-21,Europe
hCoV-19,Bangladesh,DNAS-CPH-471,2020,EPI_ISL_445214,2020-04-28,Asia
hCoV-19,USA,IN-CDC-2006,2020,EPI_ISL_452136,2020-03-09,NorthAmerica
hCoV-19,Belgium,VMC-0325337,2020,EPI_ISL_462191,2020-03-25,Europe
hCoV-19,Singapore,862,2020,EPI_ISL_527371,2020-04-12,Asia
hCoV-19,Scotland,EDB6066,2020,EPI_ISL_478203,2020-05-09,Europe
hCoV-19,USA,FL-BPHL-0226,2020,EPI_ISL_480877,2020-04-22,NorthAmerica
hCoV-19,USA,NY-NYUMC664,2020,EPI_ISL_444781,2020-03-18,NorthAmerica
hCoV-19,Bangladesh,BARJ-CVASU-CTG-518,2020,EPI_ISL_450345,2020-05-10,Asia
hCoV-19,England,CAMB-7379A,2020,EPI_ISL_425236,2020-03-30,Europe
hCoV-19,Panama,333430,2020,EPI_ISL_496742,2020-03-26,NorthAmerica
hCoV-19,England,BRIS-18538DE,2020,EPI_ISL_492262,2020-04-15,Europe
hCoV-19,Malaysia,IMR_WC99045,2020,EPI_ISL_490100,2020-05-23,Asia
hCoV-19,England,NORW-EDA56,2020,EPI_ISL_490514,2020-00-00,Europe
hCoV-19,England,BRIS-129C48,2020,EPI_ISL_458416,2020-04-15,Europe
hCoV-19,England,OXON-B2D7F,2020,EPI_ISL_534813,2020-03-25,Europe
hCoV-19,USA,WA-S1802,2020,EPI_ISL_496228,2020-06-02,NorthAmerica
hCoV-19,England,BIRM-5E9CC,2020,EPI_ISL_447926,2020-04-27,Europe
hCoV-19,Netherlands,NA_561,2020,EPI_ISL_460726,2020-04-11,Europe
hCoV-19,Israel,701002591,2020,EPI_ISL_447287,2020-03-26,Asia
hCoV-19,India,KA-nimh-10102,2020,EPI_ISL_486385,2020-05-01,Asia
hCoV-19,England,CAMB-7B316,2020,EPI_ISL_433941,2020-04-11,Europe
hCoV-19,Australia,VIC2346,2020,EPI_ISL_522067,2020-06-25,Oceania
hCoV-19,England,CAMB-1AEFCA,2020,EPI_ISL_459265,2020-04-29,Europe
hCoV-19,India,OR-RMRC163,2020,EPI_ISL_455763,2020-05-07,Asia
hCoV-19,USA,UT-03470,2020,EPI_ISL_450539,2020-03-15,NorthAmerica
hCoV-19,England,BRIS-13007F,2020,EPI_ISL_492545,2020-04-11,Europe
hCoV-19,New Zealand,20VR1827,2020,EPI_ISL_456272,2020-03-27,Oceania
hCoV-19,USA,IL-QDX-176,2020,EPI_ISL_494512,2020-04-28,NorthAmerica
hCoV-19,Belgium,Rega-0329244,2020,EPI_ISL_458214,2020-03-29,Europe
hCoV-19,England,BRIS-1271F0,2020,EPI_ISL_469532,2020-04-23,Europe
hCoV-19,USA,CA-SR0385,2020,EPI_ISL_458264,2020-04-28,NorthAmerica
hCoV-19,USA,WA6-UW3,2020,EPI_ISL_413457,2020-02-29,NorthAmerica
hCoV-19,USA,WA-S1599,2020,EPI_ISL_496025,2020-05-26,NorthAmerica
hCoV-19,Northern Ireland,QEUH-965194,2020,EPI_ISL_531134,2020-08-13,Europe
hCoV-19,Spain,CL-IBV-97006209,2020,EPI_ISL_537355,2020-04-13,Europe
hCoV-19,Peru,LIM-INS-102,2020,EPI_ISL_536501,2020-05-02,SouthAmerica
hCoV-19,England,BRIS-1854275,2020,EPI_ISL_492355,2020-04-28,Europe
hCoV-19,USA,MI-MDHHS-SC21625,2020,EPI_ISL_516352,2020-03-29,NorthAmerica
hCoV-19,Wales,PHWC-2EB38,2020,EPI_ISL_446118,2020-04-08,Europe
hCoV-19,England,CAMB-7A04D,2020,EPI_ISL_441337,2020-04-02,Europe
hCoV-19,England,QEUH-969F0F,2020,EPI_ISL_530887,2020-08-12,Europe
hCoV-19,Austria,CeMM0285,2020,EPI_ISL_438111,2020-03-26,Europe
hCoV-19,Wuhan,HB-WHCM-102,2020,EPI_ISL_454988,2020-03-02,Asia
hCoV-19,USA,CA-ALSR-0766-SAN,2020,EPI_ISL_483345,2020-04-16,NorthAmerica
hCoV-19,England,EXET-1357A2,2020,EPI_ISL_457097,2020-04-12,Europe
hCoV-19,Australia,VIC3593,2020,EPI_ISL_520339,2020-07-09,Oceania
hCoV-19,England,SHEF-C1663,2020,EPI_ISL_441909,2020-04-10,Europe
hCoV-19,Wales,PHWC-165026,2020,EPI_ISL_479412,2020-04-25,Europe
hCoV-19,Russia,Sverdlovsk-71904,2020,EPI_ISL_428873,2020-03-19,Europe
hCoV-19,Canada,BC_09671877,2020,EPI_ISL_467308,2020-04-00,NorthAmerica
hCoV-19,USA,AK-PHL283,2020,EPI_ISL_437518,2020-04-26,NorthAmerica
hCoV-19,England,BRIS-1253ED,2020,EPI_ISL_443996,2020-03-28,Europe
hCoV-19,England,CAMB-7B871,2020,EPI_ISL_442066,2020-04-04,Europe
hCoV-19,England,BRIS-18536C5,2020,EPI_ISL_492301,2020-04-10,Europe
hCoV-19,USA,WA-S877,2020,EPI_ISL_463367,2020-04-15,NorthAmerica
hCoV-19,England,LEED-2AA561,2020,EPI_ISL_538814,2020-04-06,Europe
hCoV-19,India,GJ-GBRC157b,2020,EPI_ISL_461487,2020-05-27,Asia
hCoV-19,USA,UT-04118,2020,EPI_ISL_487249,2020-05-13,NorthAmerica
hCoV-19,England,20124096402,2020,EPI_ISL_418732,2020-03-13,Europe
hCoV-19,England,BRIS-12C86F,2020,EPI_ISL_469496,2020-05-13,Europe
hCoV-19,Northern Ireland,NIRE-FE621,2020,EPI_ISL_489273,2020-05-04,Europe
hCoV-19,Canada,ON-OICR-SLB2823,2020,EPI_ISL_538351,2020-04-02,NorthAmerica
hCoV-19,Netherlands,NA_249,2020,EPI_ISL_422783,2020-03-29,Europe
hCoV-19,England,NORW-E87EB,2020,EPI_ISL_448236,2020-00-00,Europe
hCoV-19,Oman,RESP-20-B-15173,2020,EPI_ISL_518826,2020-05-21,Asia
hCoV-19,India,KA-nimh-7817,2020,EPI_ISL_486399,2020-04-29,Asia
hCoV-19,England,LIVE-9C7E6,2020,EPI_ISL_449580,2020-03-23,Europe
hCoV-19,Finland,21A19S11,2020,EPI_ISL_481607,2020-04-21,Europe
hCoV-19,Switzerland,BE-ETHZ-240061,2020,EPI_ISL_523901,2020-08-13,Europe
hCoV-19,England,CAMB-1B5A29,2020,EPI_ISL_514448,2020-08-06,Europe
hCoV-19,USA,CA-ALSR-1272,2020,EPI_ISL_494470,2020-05-08,NorthAmerica
hCoV-19,Wales,PHWC-1682E1,2020,EPI_ISL_494224,2020-04-20,Europe
hCoV-19,USA,MN-MDH-1333,2020,EPI_ISL_496919,2020-03-18,NorthAmerica
hCoV-19,England,20140007302,2020,EPI_ISL_421925,2020-03-28,Europe
hCoV-19,Netherlands,NB-EMC-265,2020,EPI_ISL_523388,2020-00-00,Europe
hCoV-19,USA,LA-GBCL-26492503,2020,EPI_ISL_485058,2020-04-24,NorthAmerica
hCoV-19,USA,CA-CZB-1836,2020,EPI_ISL_486150,2020-04-28,NorthAmerica
hCoV-19,England,20118132404,2020,EPI_ISL_464966,2020-03-12,Europe
hCoV-19,England,20130064004,2020,EPI_ISL_423649,2020-03-22,Europe
hCoV-19,Spain,MD-IBV-004938,2020,EPI_ISL_481064,2020-04-10,Europe
hCoV-19,Canada,QC-LSPQ-L00216993,2020,EPI_ISL_535755,2020-03-13,NorthAmerica
hCoV-19,USA,WA-UW262,2020,EPI_ISL_418047,2020-03-16,NorthAmerica
hCoV-19,USA,FL-BPHL-1034,2020,EPI_ISL_517924,2020-07-22,NorthAmerica
hCoV-19,England,LIVE-A9E0F,2020,EPI_ISL_517367,2020-03-24,Europe
hCoV-19,Australia,VIC5472,2020,EPI_ISL_520221,2020-07-20,Oceania
hCoV-19,Australia,VIC199,2020,EPI_ISL_419895,2020-03-19,Oceania
hCoV-19,Iceland,204,2020,EPI_ISL_417826,2020-03-16,Europe
hCoV-19,Australia,VIC6669,2020,EPI_ISL_521425,2020-07-20,Oceania
hCoV-19,Denmark,ALAB-SSI-828,2020,EPI_ISL_444926,2020-03-30,Europe
hCoV-19,Scotland,EDB5506,2020,EPI_ISL_487761,2020-04-24,Europe
hCoV-19,Kazakhstan,26506,2020,EPI_ISL_454511,2020-04-26,Asia
hCoV-19,Australia,NSW298,2020,EPI_ISL_451562,2020-04-04,Oceania
hCoV-19,England,SHEF-C3CC9,2020,EPI_ISL_432780,2020-04-15,Europe
hCoV-19,Wales,PHWC-2B00F,2020,EPI_ISL_432263,2020-04-07,Europe
hCoV-19,England,LEED-2AA5CB,2020,EPI_ISL_538893,2020-04-03,Europe
hCoV-19,India,TG-CCMB-M499,2020,EPI_ISL_495213,2020-06-10,Asia
hCoV-19,Netherlands,Gelderland_143,2020,EPI_ISL_460903,2020-05-22,Europe
hCoV-19,USA,WA-S2520,2020,EPI_ISL_497152,2020-06-15,NorthAmerica
hCoV-19,Australia,WA10,2020,EPI_ISL_420539,2020-03-14,Oceania
hCoV-19,Singapore,281,2020,EPI_ISL_462399,2020-04-14,Asia
hCoV-19,Switzerland,ZH-ETHZ-260151_980_D05,2020,EPI_ISL_539446,2020-08-26,Europe
hCoV-19,USA,WI-UW-116,2020,EPI_ISL_425173,2020-03-30,NorthAmerica
hCoV-19,England,OXON-B4A2B,2020,EPI_ISL_534987,2020-04-07,Europe
hCoV-19,Japan,P4-2,2020,EPI_ISL_419302,2020-03-12,Asia
hCoV-19,England,20188142804,2020,EPI_ISL_465517,2020-04-30,Europe
hCoV-19,USA,CA-SCCPHD-UC122,2020,EPI_ISL_435601,2020-03-05,NorthAmerica
hCoV-19,Spain,VC-IBV-98003081,2020,EPI_ISL_538017,2020-03-14,Europe
hCoV-19,Canada,QC-LSPQ-L00220933,2020,EPI_ISL_535806,2020-03-15,NorthAmerica
hCoV-19,Wales,PHWC-26435,2020,EPI_ISL_422334,2020-03-27,Europe
hCoV-19,USA,WI-UW-246,2020,EPI_ISL_428342,2020-03-28,NorthAmerica
hCoV-19,Australia,VIC5824,2020,EPI_ISL_518618,2020-00-00,Oceania
hCoV-19,Australia,VIC5188,2020,EPI_ISL_519953,2020-07-20,Oceania
hCoV-19,Australia,VIC4398,2020,EPI_ISL_519694,2020-07-14,Oceania
hCoV-19,Wales,PHWC-33CD3,2020,EPI_ISL_446811,2020-04-18,Europe
hCoV-19,Spain,VC-IBV-98003078,2020,EPI_ISL_538015,2020-03-14,Europe
hCoV-19,England,NORT-283294,2020,EPI_ISL_488605,2020-03-28,Europe
hCoV-19,Wales,PHWC-167FEB,2020,EPI_ISL_494187,2020-05-30,Europe
hCoV-19,Australia,VIC3664,2020,EPI_ISL_520402,2020-07-10,Oceania
hCoV-19,India,MH-GA100,2020,EPI_ISL_511941,2020-06-17,Asia
hCoV-19,Scotland,EDB3191,2020,EPI_ISL_489056,2020-04-06,Europe
hCoV-19,India,MH-NCCS-NR2255,2020,EPI_ISL_497873,2020-05-21,Asia
hCoV-19,USA,WA-S855,2020,EPI_ISL_463345,2020-04-24,NorthAmerica
hCoV-19,Peru,LIM-INS-041,2020,EPI_ISL_514226,2020-04-11,SouthAmerica
hCoV-19,England,CAMB-842A4,2020,EPI_ISL_443476,2020-04-16,Europe
hCoV-19,USA,WA-S14,2020,EPI_ISL_417067,2020-03-03,NorthAmerica
hCoV-19,Australia,VIC4818,2020,EPI_ISL_519203,2020-07-15,Oceania
hCoV-19,Canada,ON_QGLO-035,2020,EPI_ISL_459886,2020-03-30,NorthAmerica
hCoV-19,England,CAMB-1AB5DA,2020,EPI_ISL_470120,2020-04-21,Europe
hCoV-19,Scotland,CVR3476,2020,EPI_ISL_461703,2020-05-11,Europe
hCoV-19,Brazil,MG-CV33,2020,EPI_ISL_429689,2020-03-17,SouthAmerica
hCoV-19,Australia,NSW103,2020,EPI_ISL_427657,2020-03-10,Oceania
hCoV-19,Saudi Arabia,KAUST-MAKKAH735,2020,EPI_ISL_513231,2020-04-16,Asia
hCoV-19,USA,WA-S671,2020,EPI_ISL_449841,2020-04-08,NorthAmerica
hCoV-19,England,BRIS-125BA9,2020,EPI_ISL_443826,2020-03-30,Europe
hCoV-19,England,CAMB-1B25D0,2020,EPI_ISL_456698,2020-05-18,Europe
hCoV-19,Netherlands,NA_190,2020,EPI_ISL_422725,2020-03-23,Europe
hCoV-19,Scotland,CVR388,2020,EPI_ISL_439070,2020-03-22,Europe
hCoV-19,Canada,QC_AO6,2020,EPI_ISL_463921,2020-04-08,NorthAmerica
hCoV-19,India,UT-AR14,2020,EPI_ISL_508161,2020-06-06,Asia
hCoV-19,USA,FL-BPHL-0195,2020,EPI_ISL_480846,2020-04-05,NorthAmerica
hCoV-19,England,LEED-2A8DF2,2020,EPI_ISL_539218,2020-04-04,Europe
hCoV-19,Northern Ireland,NIRE-FAE3C,2020,EPI_ISL_448927,2020-03-26,Europe
hCoV-19,USA,MN-MDH-1307,2020,EPI_ISL_495606,2020-04-06,NorthAmerica
hCoV-19,Russia,Kabardino-Balkaria-80503,2020,EPI_ISL_428898,2020-03-23,Europe
hCoV-19,Netherlands,Gelderland_112,2020,EPI_ISL_460873,2020-05-22,Europe
hCoV-19,Chile,Punta_Arenas_3,2020,EPI_ISL_445280,2020-03-17,SouthAmerica
hCoV-19,Peru,LIM-INS-090,2020,EPI_ISL_536489,2020-07-04,SouthAmerica
hCoV-19,USA,WA-S965,2020,EPI_ISL_463455,2020-05-01,NorthAmerica
hCoV-19,England,LEED-2AA604,2020,EPI_ISL_538821,2020-04-13,Europe
hCoV-19,England,NORW-EC644,2020,EPI_ISL_457543,2020-05-09,Europe
hCoV-19,South Africa,R10268,2020,EPI_ISL_490266,2020-05-27,Africa
hCoV-19,USA,WI-UW-464,2020,EPI_ISL_484839,2020-06-07,NorthAmerica
hCoV-19,India,GJ-GBRC185a,2020,EPI_ISL_469025,2020-06-03,Asia
hCoV-19,USA,NY-NYUMC608,2020,EPI_ISL_444725,2020-04-02,NorthAmerica
hCoV-19,Northern Ireland,NIRE-103FA5,2020,EPI_ISL_482049,2020-04-08,Europe
hCoV-19,South Korea,KCDC2058,2020,EPI_ISL_481378,2020-02-22,Asia
hCoV-19,Israel,51140315,2020,EPI_ISL_447324,2020-03-18,Asia
hCoV-19,Russia,Novy_Urengoy-RII24775S,2020,EPI_ISL_507218,2020-05-00,Europe
hCoV-19,USA,NY-Wadsworth-15616-01,2020,EPI_ISL_426310,2020-03-14,NorthAmerica
hCoV-19,Australia,TAS157,2020,EPI_ISL_522614,2020-04-18,Oceania
hCoV-19,USA,UT-UPHL-2009292,2020,EPI_ISL_525270,2020-05-14,NorthAmerica
hCoV-19,Singapore,89,2020,EPI_ISL_435694,2020-04-22,Asia
hCoV-19,England,BRIS-127B2F,2020,EPI_ISL_469802,2020-04-17,Europe
hCoV-19,Spain,VC-FISABIO-613,2020,EPI_ISL_447531,2020-03-31,Europe
hCoV-19,Brazil,SP-294,2020,EPI_ISL_527862,2020-03-30,SouthAmerica
hCoV-19,England,CAMB-7CCCF,2020,EPI_ISL_441647,2020-04-05,Europe
hCoV-19,Singapore,484,2020,EPI_ISL_492979,2020-03-21,Asia
hCoV-19,USA,TX-DSHS-0142,2020,EPI_ISL_522968,2020-05-07,NorthAmerica
hCoV-19,Denmark,ALAB-SSI486,2020,EPI_ISL_429564,2020-03-26,Europe
hCoV-19,USA,MA-MGH-00199,2020,EPI_ISL_460468,2020-03-27,NorthAmerica
hCoV-19,USA,NM-UNM-00030,2020,EPI_ISL_467611,2020-03-17,NorthAmerica
hCoV-19,Spain,VC-FISABIO-106,2020,EPI_ISL_436201,2020-03-18,Europe
hCoV-19,England,LIVE-9F33A,2020,EPI_ISL_453448,2020-05-01,Europe
hCoV-19,India,TG-NGC-CDFD-29,2020,EPI_ISL_466867,2020-05-30,Asia
hCoV-19,India,GJ-GBRC250b,2020,EPI_ISL_483834,2020-06-12,Asia
hCoV-19,Wales,PHWC-290D4,2020,EPI_ISL_445479,2020-04-03,Europe
hCoV-19,USA,FL-BPHL-0747,2020,EPI_ISL_512553,2020-06-20,NorthAmerica
hCoV-19,USA,FL-BPHL-0255,2020,EPI_ISL_480906,2020-05-05,NorthAmerica
hCoV-19,Scotland,QEUH-94118F,2020,EPI_ISL_532633,2020-07-28,Europe
hCoV-19,India,GJ-GBRC292b,2020,EPI_ISL_495031,2020-06-15,Asia
hCoV-19,India,UN-2020c32,2020,EPI_ISL_420556,2020-00-00,Asia
hCoV-19,USA,TX-DSHS-0269,2020,EPI_ISL_527836,2020-06-13,NorthAmerica
hCoV-19,USA,NY-Wadsworth-43604-01,2020,EPI_ISL_525665,2020-04-10,NorthAmerica
hCoV-19,England,CAMB-1AFA7D,2020,EPI_ISL_459278,2020-05-01,Europe
hCoV-19,Hangzhou,HZCDC7184F,2020,EPI_ISL_482583,2020-03-22,Asia
hCoV-19,England,BRIS-12BDBC,2020,EPI_ISL_469427,2020-05-08,Europe
hCoV-19,Canada,NL_90,2020,EPI_ISL_469232,2020-03-21,NorthAmerica
hCoV-19,England,ALDP-9826A1,2020,EPI_ISL_529519,2020-08-09,Europe
hCoV-19,England,PORT-2D0DB5,2020,EPI_ISL_475284,2020-03-30,Europe
hCoV-19,Senegal,65601,2020,EPI_ISL_485713,2020-06-14,Africa
hCoV-19,USA,OR-OHSU-0221,2020,EPI_ISL_509073,2020-04-03,NorthAmerica
hCoV-19,England,NORT-296CBE,2020,EPI_ISL_484277,2020-04-28,Europe
hCoV-19,DRC,11583,2020,EPI_ISL_527542,2020-05-25,Africa
hCoV-19,Scotland,QEUH-96A2C9,2020,EPI_ISL_534388,2020-08-13,Europe
hCoV-19,USA,MI-MDHHS-SC20260,2020,EPI_ISL_447059,2020-03-15,NorthAmerica
hCoV-19,Japan,PG-0072,2020,EPI_ISL_479827,2020-02-27,Asia
hCoV-19,Scotland,CVR1325,2020,EPI_ISL_433541,2020-03-31,Europe
hCoV-19,England,CAMB-721AC,2020,EPI_ISL_439559,2020-03-28,Europe
hCoV-19,USA,FL-Miami-06_UMTL-A6U7,2020,EPI_ISL_479772,2020-04-15,NorthAmerica
hCoV-19,Japan,PG-0279,2020,EPI_ISL_479959,2020-03-19,Asia
hCoV-19,USA,VA_NIDDL_3086,2020,EPI_ISL_491928,2020-04-09,NorthAmerica
hCoV-19,England,NORT-28928F,2020,EPI_ISL_458640,2020-03-28,Europe
hCoV-19,England,CAMB-827B6,2020,EPI_ISL_443630,2020-04-13,Europe
hCoV-19,England,20129015404,2020,EPI_ISL_423998,2020-03-21,Europe
hCoV-19,England,NOTT-10E827,2020,EPI_ISL_425599,2020-03-24,Europe
hCoV-19,England,QEUH-96EE85,2020,EPI_ISL_530501,2020-08-19,Europe
hCoV-19,Australia,VIC2888,2020,EPI_ISL_521719,2020-07-08,Oceania
hCoV-19,Japan,DP0290,2020,EPI_ISL_416591,2020-02-16,Asia
hCoV-19,USA,MI-MDHHS-SC21130,2020,EPI_ISL_507906,2020-03-30,NorthAmerica
hCoV-19,Wales,PHWC-15C6B7,2020,EPI_ISL_472523,2020-05-09,Europe
hCoV-19,USA,CA-CZB-59X002,2020,EPI_ISL_450484,2020-03-24,NorthAmerica
hCoV-19,Australia,VIC6058,2020,EPI_ISL_518096,2020-07-26,Oceania
hCoV-19,Ireland,D-NVRL-71IRL07206,2020,EPI_ISL_500588,2020-07-07,Europe
hCoV-19,England,CAMB-7FC17,2020,EPI_ISL_433492,2020-04-16,Europe
hCoV-19,Australia,VPRL014,2020,EPI_ISL_455603,2020-01-30,Oceania
hCoV-19,England,20140004104,2020,EPI_ISL_465871,2020-03-28,Europe
hCoV-19,Austria,CeMM0250,2020,EPI_ISL_438080,2020-03-21,Europe
hCoV-19,Scotland,CVR3105,2020,EPI_ISL_461678,2020-04-25,Europe
hCoV-19,USA,MI-MDHHS-SC20836,2020,EPI_ISL_471857,2020-04-21,NorthAmerica
hCoV-19,Belgium,ULG-6649,2020,EPI_ISL_418631,2020-04-03,Europe
hCoV-19,Netherlands,ZH-EMC-446,2020,EPI_ISL_523784,2020-08-12,Europe
hCoV-19,Ghana,2828_S6,2020,EPI_ISL_422397,2020-03-29,Africa
hCoV-19,England,CAMB-7C0C3,2020,EPI_ISL_433991,2020-04-14,Europe
hCoV-19,England,LEED-2AA552,2020,EPI_ISL_538826,2020-04-09,Europe
hCoV-19,India,TG-CCMB-AB397,2020,EPI_ISL_539666,2020-08-13,Asia
hCoV-19,Portugal,PT0237,2020,EPI_ISL_453951,2020-03-31,Europe
hCoV-19,Spain,AN-IBV-006104,2020,EPI_ISL_510436,2020-06-29,Europe
hCoV-19,England,BRIS-121F56,2020,EPI_ISL_440027,2020-03-19,Europe
hCoV-19,USA,CA-ALSR-1175,2020,EPI_ISL_494414,2020-04-29,NorthAmerica
hCoV-19,England,20166000104,2020,EPI_ISL_466492,2020-04-15,Europe
hCoV-19,Chile,Punta_Arenas_9,2020,EPI_ISL_445290,2020-03-21,SouthAmerica
hCoV-19,Portugal,PT0105,2020,EPI_ISL_453821,2020-03-20,Europe
hCoV-19,Australia,VIC2225,2020,EPI_ISL_521962,2020-06-14,Oceania
hCoV-19,England,CAMB-1AB200,2020,EPI_ISL_470130,2020-04-19,Europe
hCoV-19,India,TN-CCMB-C10,2020,EPI_ISL_458036,2020-04-29,Asia
hCoV-19,USA,MD-MDH-0040,2020,EPI_ISL_509444,2020-04-02,NorthAmerica
hCoV-19,England,LEED-2A884C,2020,EPI_ISL_539032,2020-03-25,Europe
hCoV-19,USA,VA-DCLS-0076,2020,EPI_ISL_429975,2020-03-27,NorthAmerica
hCoV-19,England,BRIS-122F28,2020,EPI_ISL_440766,2020-04-03,Europe
hCoV-19,USA,NY-NYUMC231,2020,EPI_ISL_427631,2020-04-06,NorthAmerica
hCoV-19,Spain,PV-IBV-2129,2020,EPI_ISL_468940,2020-04-12,Europe
hCoV-19,England,BRIS-128C49,2020,EPI_ISL_458753,2020-04-14,Europe
hCoV-19,USA,CA-CZB-1207,2020,EPI_ISL_450456,2020-03-27,NorthAmerica
hCoV-19,Singapore,724,2020,EPI_ISL_500545,2020-06-24,Asia
hCoV-19,Switzerland,ZH-ETHZ-240063,2020,EPI_ISL_523903,2020-08-13,Europe
hCoV-19,USA,WA-S1754,2020,EPI_ISL_496180,2020-06-01,NorthAmerica
hCoV-19,South Africa,KRISP-K002686,2020,EPI_ISL_535549,2020-08-04,Africa
hCoV-19,Wales,PHWC-24358,2020,EPI_ISL_419400,2020-03-16,Europe
hCoV-19,Switzerland,BS-UHB-42199675,2020,EPI_ISL_528243,2020-03-20,Europe
hCoV-19,England,20164005404,2020,EPI_ISL_466434,2020-04-14,Europe
hCoV-19,USA,NY-PV08412,2020,EPI_ISL_421375,2020-03-16,NorthAmerica
hCoV-19,Wuhan,HB-WHCM2-269,2020,EPI_ISL_455004,2020-02-24,Asia
hCoV-19,USA,ME-HETL-J0061,2020,EPI_ISL_513472,2020-03-20,NorthAmerica
hCoV-19,Canada,BC_16505592,2020,EPI_ISL_477085,2020-03-00,NorthAmerica
hCoV-19,England,NORW-ED476,2020,EPI_ISL_472368,2020-05-28,Europe
hCoV-19,USA,VA-DCLS-0635,2020,EPI_ISL_495307,2020-04-11,NorthAmerica
hCoV-19,Switzerland,BS-UHB-42196271,2020,EPI_ISL_528198,2020-03-17,Europe
hCoV-19,England,BRIS-12DD50,2020,EPI_ISL_481984,2020-05-30,Europe
hCoV-19,USA,UT-08721,2020,EPI_ISL_524778,2020-05-26,NorthAmerica
hCoV-19,Panama,338681,2020,EPI_ISL_496879,2020-04-09,NorthAmerica
hCoV-19,England,20189176701,2020,EPI_ISL_465574,2020-05-01,Europe
hCoV-19,USA,MA-UW-MAYO45,2020,EPI_ISL_500529,2020-03-23,NorthAmerica
hCoV-19,Wales,PHWC-29E07,2020,EPI_ISL_432267,2020-04-04,Europe
hCoV-19,England,LOND-D4B40,2020,EPI_ISL_444180,2020-04-11,Europe
hCoV-19,Scotland,EDB1842,2020,EPI_ISL_433154,2020-04-17,Europe
hCoV-19,Wales,PHWC-27B5D,2020,EPI_ISL_432327,2020-04-01,Europe
hCoV-19,England,CAMB-823C1,2020,EPI_ISL_443585,2020-04-13,Europe
hCoV-19,England,LOND-D612E,2020,EPI_ISL_482168,2020-04-20,Europe
hCoV-19,England,QEUH-54D4BB,2020,EPI_ISL_533422,2020-05-12,Europe
hCoV-19,Australia,VIC4445,2020,EPI_ISL_519741,2020-07-16,Oceania
hCoV-19,England,BRIS-12567B,2020,EPI_ISL_443759,2020-03-28,Europe
hCoV-19,Wales,PHWC-168348,2020,EPI_ISL_494229,2020-04-18,Europe
hCoV-19,USA,MI-UM-2006S000912,2020,EPI_ISL_484751,2020-03-30,NorthAmerica
hCoV-19,England,LIVE-A5498,2020,EPI_ISL_500119,2020-03-20,Europe
hCoV-19,England,NOTT-11050D,2020,EPI_ISL_441525,2020-04-23,Europe
hCoV-19,Wales,PHWC-2AD45,2020,EPI_ISL_445697,2020-04-06,Europe
hCoV-19,USA,WA-S312,2020,EPI_ISL_434072,2020-04-01,NorthAmerica
hCoV-19,USA,TX-DSHS-0216,2020,EPI_ISL_525777,2020-03-31,NorthAmerica
hCoV-19,Portugal,PT1504,2020,EPI_ISL_511463,2020-03-17,Europe
hCoV-19,Wales,PHWC-25B31,2020,EPI_ISL_422218,2020-03-24,Europe
hCoV-19,Spain,PV-IBV-000904,2020,EPI_ISL_452663,2020-03-26,Europe
hCoV-19,England,BRIS-129589,2020,EPI_ISL_458864,2020-04-20,Europe
hCoV-19,Belgium,ULG-6942,2020,EPI_ISL_417021,2020-03-15,Europe
hCoV-19,USA,UT-08652,2020,EPI_ISL_524384,2020-05-10,NorthAmerica
hCoV-19,Canada,QC-LSPQ-L00217831,2020,EPI_ISL_535767,2020-03-13,NorthAmerica
hCoV-19,Northern Ireland,NIRE-100F02,2020,EPI_ISL_482158,2020-04-28,Europe
hCoV-19,USA,WA-S1876,2020,EPI_ISL_496302,2020-05-28,NorthAmerica
hCoV-19,Russia,StPetersburg-RII4705S,2020,EPI_ISL_430067,2020-04-07,Europe
hCoV-19,Wales,PHWC-15FF5F,2020,EPI_ISL_472874,2020-05-26,Europe
hCoV-19,USA,ME-HETL-J0093,2020,EPI_ISL_513502,2020-03-21,NorthAmerica
hCoV-19,Scotland,EDB6127,2020,EPI_ISL_473873,2020-05-13,Europe
hCoV-19,Greece,136,2020,EPI_ISL_434473,2020-03-11,Europe
hCoV-19,USA,MD-MDH-0057,2020,EPI_ISL_509461,2020-05-26,NorthAmerica
hCoV-19,Australia,VIC2996,2020,EPI_ISL_521826,2020-07-07,Oceania
hCoV-19,Australia,SAP068,2020,EPI_ISL_451106,2020-03-30,Oceania
hCoV-19,USA,ME-HETL-J0081,2020,EPI_ISL_513492,2020-03-18,NorthAmerica
hCoV-19,South Africa,KRISP-K002739,2020,EPI_ISL_529737,2020-08-13,Africa
hCoV-19,Australia,VIC1505,2020,EPI_ISL_456469,2020-04-30,Oceania
hCoV-19,Netherlands,NoordBrabant_10045,2020,EPI_ISL_454794,2020-04-07,Europe
hCoV-19,USA,AR-CDC-4378,2020,EPI_ISL_527654,2020-07-03,NorthAmerica
hCoV-19,England,CAMB-75992,2020,EPI_ISL_438279,2020-03-31,Europe
hCoV-19,Scotland,EDB6391,2020,EPI_ISL_473952,2020-05-13,Europe
hCoV-19,SaudiArabia,KAUST-JEDDAH867,2020,EPI_ISL_513021,2020-05-24,Asia
hCoV-19,England,20184026804,2020,EPI_ISL_465454,2020-04-27,Europe
hCoV-19,USA,VA-DCLS-1120,2020,EPI_ISL_529918,2020-06-19,NorthAmerica
hCoV-19,England,20169000204,2020,EPI_ISL_466623,2020-04-17,Europe
hCoV-19,England,CAMB-1AFC95,2020,EPI_ISL_452872,2020-05-13,Europe
hCoV-19,Australia,NSW700,2020,EPI_ISL_513343,2020-07-24,Oceania
hCoV-19,USA,LA-GBCL-26556541,2020,EPI_ISL_485179,2020-04-15,NorthAmerica
hCoV-19,England,PORT-2D208D,2020,EPI_ISL_535025,2020-03-21,Europe
hCoV-19,USA,WA-S2528,2020,EPI_ISL_497160,2020-06-16,NorthAmerica
hCoV-19,USA,LA-EVTL155,2020,EPI_ISL_455998,2020-04-01,NorthAmerica
hCoV-19,Netherlands,un-EMC-762,2020,EPI_ISL_523518,2020-00-00,Europe
hCoV-19,Panama,333467,2020,EPI_ISL_496743,2020-03-23,NorthAmerica
hCoV-19,England,CAMB-7609C,2020,EPI_ISL_438405,2020-03-30,Europe
hCoV-19,Wales,PHWC-164FEE,2020,EPI_ISL_479410,2020-05-25,Europe
hCoV-19,England,20128085204,2020,EPI_ISL_423964,2020-03-18,Europe
hCoV-19,England,BRIS-185358C,2020,EPI_ISL_492237,2020-04-07,Europe
hCoV-19,Australia,VIC1119,2020,EPI_ISL_430567,2020-04-08,Oceania
hCoV-19,Spain,AR-IBV-005066,2020,EPI_ISL_500350,2020-04-21,Europe
hCoV-19,England,CAMB-1AABD9,2020,EPI_ISL_470190,2020-04-18,Europe
hCoV-19,Scotland,EDB4838,2020,EPI_ISL_453163,2020-04-02,Europe
hCoV-19,England,SHEF-C0260,2020,EPI_ISL_420191,2020-03-27,Europe
hCoV-19,Sweden,20-08105,2020,EPI_ISL_454476,2020-03-10,Europe
hCoV-19,Wales,PHWC-1637E7,2020,EPI_ISL_473998,2020-05-11,Europe
hCoV-19,Australia,VIC1675,2020,EPI_ISL_456574,2020-05-09,Oceania
hCoV-19,Wales,PHWC-2ED7E,2020,EPI_ISL_446149,2020-04-06,Europe
hCoV-19,Costa Rica,INC-0063,2020,EPI_ISL_512669,2020-06-20,NorthAmerica
hCoV-19,USA,WA-UW207,2020,EPI_ISL_417356,2020-03-13,NorthAmerica
hCoV-19,England,BRIS-185372C,2020,EPI_ISL_492307,2020-04-13,Europe
hCoV-19,Brunei,1,2020,EPI_ISL_443187,2020-03-11,Asia
hCoV-19,USA,FL-BPHL-0989,2020,EPI_ISL_517879,2020-06-11,NorthAmerica
hCoV-19,India,TG-NGC-CDFD-06,2020,EPI_ISL_466844,2020-05-12,Asia
hCoV-19,Singapore,46nan,2020,EPI_ISL_538437,2020-03-16,Asia
hCoV-19,Switzerland,VS-ETHZ-240083,2020,EPI_ISL_523920,2020-08-12,Europe
hCoV-19,USA,CA-ALSR-1657,2020,EPI_ISL_494719,2020-04-01,NorthAmerica
hCoV-19,Spain,IB-IBV-2501,2020,EPI_ISL_469008,2020-03-14,Europe
hCoV-19,Greece,15005_HPI,2020,EPI_ISL_501249,2020-04-22,Europe
hCoV-19,England,201361021,2020,EPI_ISL_421789,2020-03-25,Europe
hCoV-19,USA,VA-DCLS-0286,2020,EPI_ISL_452855,2020-04-21,NorthAmerica
hCoV-19,England,QEUH-9624CB,2020,EPI_ISL_531749,2020-08-10,Europe
hCoV-19,England,CAMB-8130E,2020,EPI_ISL_443029,2020-04-10,Europe
hCoV-19,Scotland,CVR3393,2020,EPI_ISL_456820,2020-05-09,Europe
hCoV-19,USA,NY-Wadsworth-14368-01,2020,EPI_ISL_525610,2020-03-12,NorthAmerica
hCoV-19,Iceland,425,2020,EPI_ISL_424449,2020-03-20,Europe
hCoV-19,Romania,ROSV_3561,2020,EPI_ISL_491070,2020-04-21,Europe
hCoV-19,England,CAMB-72124,2020,EPI_ISL_439560,2020-03-28,Europe
hCoV-19,USA,IL-NM09,2020,EPI_ISL_444522,2020-03-17,NorthAmerica
hCoV-19,Ganzhou,JX81,2020,EPI_ISL_421242,2020-01-25,Asia
hCoV-19,Australia,VIC2817,2020,EPI_ISL_521648,2020-07-01,Oceania
hCoV-19,England,CAMB-771C5,2020,EPI_ISL_438511,2020-04-01,Europe
hCoV-19,England,CAMB-75859,2020,EPI_ISL_440354,2020-03-19,Europe
hCoV-19,DRC,11623,2020,EPI_ISL_527566,2020-05-25,Africa
hCoV-19,England,SHEF-C4581,2020,EPI_ISL_432789,2020-04-02,Europe
hCoV-19,England,QEUH-7A1F2B,2020,EPI_ISL_533059,2020-07-10,Europe
hCoV-19,Scotland,EDB2554,2020,EPI_ISL_439228,2020-04-23,Europe
hCoV-19,England,20166016202,2020,EPI_ISL_466541,2020-04-14,Europe
hCoV-19,Portugal,PT1093,2020,EPI_ISL_511640,2020-03-28,Europe
hCoV-19,Wales,PHWC-15D23A,2020,EPI_ISL_472687,2020-05-08,Europe
hCoV-19,Spain,CL-IBV-97006315,2020,EPI_ISL_537679,2020-05-02,Europe
hCoV-19,Switzerland,ZH-UZH-1000482984,2020,EPI_ISL_508866,2020-03-14,Europe
hCoV-19,Scotland,CVR2011,2020,EPI_ISL_477843,2020-04-09,Europe
hCoV-19,England,NORT-29BF65,2020,EPI_ISL_507125,2020-06-20,Europe
hCoV-19,USA,WI-GMF-06787,2020,EPI_ISL_489910,2020-06-17,NorthAmerica
hCoV-19,England,QEUH-9652EC,2020,EPI_ISL_531109,2020-08-12,Europe
hCoV-19,Wales,PHWC-2F01A,2020,EPI_ISL_446188,2020-04-04,Europe
hCoV-19,Spain,MD-IBV-004959,2020,EPI_ISL_481079,2020-05-03,Europe
hCoV-19,USA,MA-MGH-00681,2020,EPI_ISL_460267,2020-03-22,NorthAmerica
hCoV-19,England,QEUH-7A7848,2020,EPI_ISL_533032,2020-07-09,Europe
hCoV-19,Scotland,EDB5731,2020,EPI_ISL_473848,2020-04-09,Europe
hCoV-19,USA,MI-UM-2006S001095,2020,EPI_ISL_495578,2020-04-18,NorthAmerica
hCoV-19,Portugal,PT0316,2020,EPI_ISL_454032,2020-03-14,Europe
hCoV-19,New Zealand,20VR1858,2020,EPI_ISL_456286,2020-03-30,Oceania
hCoV-19,Uganda,UG008,2020,EPI_ISL_451190,2020-03-30,Africa
hCoV-19,England,20109050306,2020,EPI_ISL_417264,2020-03-04,Europe
hCoV-19,England,LIVE-A7584,2020,EPI_ISL_517039,2020-03-28,Europe
hCoV-19,South Africa,KRISP-0493,2020,EPI_ISL_498064,2020-07-07,Africa
hCoV-19,USA,WA-S842,2020,EPI_ISL_463332,2020-04-21,NorthAmerica
hCoV-19,England,BRIS-1854424,2020,EPI_ISL_492437,2020-04-29,Europe
hCoV-19,England,LIVE-A2756,2020,EPI_ISL_500006,2020-05-20,Europe
hCoV-19,England,LIVE-9E007,2020,EPI_ISL_453260,2020-04-03,Europe
hCoV-19,Italy,ABR-IZSGC-TE5780,2020,EPI_ISL_420567,2020-03-21,Europe
hCoV-19,USA,UT-04521,2020,EPI_ISL_522348,2020-05-22,NorthAmerica
hCoV-19,USA,CT-Yale-144,2020,EPI_ISL_435714,2020-03-21,NorthAmerica
hCoV-19,Northern Ireland,QEUH-969EA8,2020,EPI_ISL_530830,2020-08-14,Europe
hCoV-19,India,TG-CCMB-M151,2020,EPI_ISL_495186,2020-06-06,Asia
hCoV-19,Spain,CL-IBV-97006226,2020,EPI_ISL_537372,2020-04-13,Europe
hCoV-19,Scotland,GCVR-171EF0,2020,EPI_ISL_469962,2020-03-31,Europe
hCoV-19,Australia,SAP133,2020,EPI_ISL_451138,2020-03-25,Oceania
hCoV-19,England,QEUH-96F419,2020,EPI_ISL_530525,2020-08-17,Europe
hCoV-19,Northern Ireland,QEUH-969D14,2020,EPI_ISL_530894,2020-08-14,Europe
hCoV-19,Chile,Santiago_63,2020,EPI_ISL_445359,2020-03-16,SouthAmerica
hCoV-19,Wales,PHWC-2B290,2020,EPI_ISL_432318,2020-04-08,Europe
hCoV-19,Madagascar,IP-01861,2020,EPI_ISL_508863,2020-03-22,Africa
hCoV-19,USA,WI-UW-75,2020,EPI_ISL_421333,2020-03-26,NorthAmerica
hCoV-19,England,LIVE-9DB25,2020,EPI_ISL_449617,2020-04-29,Europe
hCoV-19,Switzerland,SZ-ETHZ-100828,2020,EPI_ISL_451777,2020-03-26,Europe
hCoV-19,Panama,332718,2020,EPI_ISL_496719,2020-03-23,NorthAmerica
hCoV-19,England,QEUH-7B91A2,2020,EPI_ISL_532923,2020-07-22,Europe
hCoV-19,USA,VA-DCLS-1134,2020,EPI_ISL_529926,2020-04-24,NorthAmerica
hCoV-19,Scotland,QEUH-95F106,2020,EPI_ISL_532523,2020-08-07,Europe
hCoV-19,England,NOTT-10DEDB,2020,EPI_ISL_425465,2020-03-11,Europe
hCoV-19,Australia,VIC5032,2020,EPI_ISL_519836,2020-07-17,Oceania
hCoV-19,USA,WA-S1809,2020,EPI_ISL_496235,2020-06-02,NorthAmerica
hCoV-19,Australia,VIC2968,2020,EPI_ISL_521798,2020-07-07,Oceania
hCoV-19,Brazil,SP-527,2020,EPI_ISL_471648,2020-04-30,SouthAmerica
hCoV-19,England,BRIS-12D567,2020,EPI_ISL_481792,2020-05-05,Europe
hCoV-19,Northern Ireland,NIRE-10195E,2020,EPI_ISL_489310,2020-05-11,Europe
hCoV-19,England,SHEF-C20FB,2020,EPI_ISL_475358,2020-06-01,Europe
hCoV-19,Indonesia,SU-NIHRD-PME4745,2020,EPI_ISL_538500,2020-00-00,Asia
hCoV-19,England,LEED-2A8396,2020,EPI_ISL_539001,2020-03-20,Europe
hCoV-19,England,OXON-ACC99,2020,EPI_ISL_448523,2020-04-05,Europe
hCoV-19,USA,WA-UW86,2020,EPI_ISL_416442,2020-03-10,NorthAmerica
hCoV-19,USA,AZ-TG270200,2020,EPI_ISL_426533,2020-03-26,NorthAmerica
hCoV-19,England,LIVE-A551D,2020,EPI_ISL_499924,2020-03-20,Europe
hCoV-19,Australia,VIC2661,2020,EPI_ISL_521507,2020-07-01,Oceania
hCoV-19,USA,UT-02579,2020,EPI_ISL_487222,2020-04-25,NorthAmerica
hCoV-19,England,20144008904,2020,EPI_ISL_423502,2020-03-31,Europe
hCoV-19,Netherlands,NA_336,2020,EPI_ISL_455141,2020-04-03,Europe
hCoV-19,Northern Ireland,NIRE-FAFFD,2020,EPI_ISL_448940,2020-03-24,Europe
hCoV-19,Israel,2020063,2020,EPI_ISL_447414,2020-03-17,Asia
hCoV-19,Scotland,CVR3065,2020,EPI_ISL_461649,2020-04-24,Europe
hCoV-19,Scotland,QEUH-963A6E,2020,EPI_ISL_534369,2020-08-12,Europe
hCoV-19,England,CAMB-73008,2020,EPI_ISL_440226,2020-03-23,Europe
hCoV-19,England,CAMB-7C2FA,2020,EPI_ISL_434025,2020-04-14,Europe
hCoV-19,England,CAMB-76858,2020,EPI_ISL_438468,2020-03-29,Europe
hCoV-19,England,LIVE-A6181,2020,EPI_ISL_499689,2020-03-21,Europe
hCoV-19,Australia,VIC317,2020,EPI_ISL_420008,2020-03-24,Oceania
hCoV-19,England,QEUH-7A0645,2020,EPI_ISL_533130,2020-07-15,Europe
hCoV-19,Canada,BC_16537755,2020,EPI_ISL_468680,2020-04-00,NorthAmerica
hCoV-19,Wales,PHWC-2873A,2020,EPI_ISL_431959,2020-03-31,Europe
hCoV-19,England,LOND-124D4E8,2020,EPI_ISL_507104,2020-05-19,Europe
hCoV-19,Netherlands,Zeeland_36,2020,EPI_ISL_461275,2020-04-28,Europe
hCoV-19,England,GSTT-265E1D7,2020,EPI_ISL_484167,2020-03-31,Europe
hCoV-19,Saudi Arabia,KAUST-Makkah124,2020,EPI_ISL_437691,2020-03-24,Asia
hCoV-19,Denmark,ALAB-SSI514,2020,EPI_ISL_429582,2020-03-16,Europe
hCoV-19,USA,TX-HMH0354,2020,EPI_ISL_434948,2020-03-29,NorthAmerica
hCoV-19,India,TG-CCMB-K499,2020,EPI_ISL_447865,2020-04-14,Asia
hCoV-19,England,SHEF-D02F4,2020,EPI_ISL_479269,2020-06-04,Europe
hCoV-19,England,20119085304,2020,EPI_ISL_465115,2020-03-15,Europe
hCoV-19,Wales,PHWC-31349,2020,EPI_ISL_446434,2020-04-12,Europe
hCoV-19,Netherlands,ZuidHolland_138,2020,EPI_ISL_461311,2020-05-06,Europe
hCoV-19,England,BRIS-12F84E,2020,EPI_ISL_488250,2020-03-26,Europe
hCoV-19,Iceland,351,2020,EPI_ISL_424375,2020-03-00,Europe
hCoV-19,Wales,PHWC-23DF1,2020,EPI_ISL_418115,2020-03-13,Europe
hCoV-19,Switzerland,BL-ETHZ-200039,2020,EPI_ISL_510727,2020-07-16,Europe
hCoV-19,USA,VA-DCLS-0386,2020,EPI_ISL_467783,2020-04-17,NorthAmerica
hCoV-19,Wales,PHWC-26B12,2020,EPI_ISL_422024,2020-03-29,Europe
hCoV-19,Scotland,EDB6158,2020,EPI_ISL_473894,2020-05-14,Europe
hCoV-19,Greece,247_32207,2020,EPI_ISL_447647,2020-03-10,Europe
hCoV-19,Belgium,ULG-10257,2020,EPI_ISL_515064,2020-07-17,Europe
hCoV-19,England,QEUH-96C555,2020,EPI_ISL_530886,2020-08-13,Europe
hCoV-19,England,QEUH-5FFCCF,2020,EPI_ISL_533245,2020-06-28,Europe
hCoV-19,USA,MI-MDHHS-SC20692,2020,EPI_ISL_471716,2020-05-20,NorthAmerica
hCoV-19,Switzerland,BS-UHB-42183764,2020,EPI_ISL_527970,2020-03-10,Europe
hCoV-19,England,CAMB-1B5704,2020,EPI_ISL_499966,2020-07-10,Europe
hCoV-19,Netherlands,Utrecht_10028,2020,EPI_ISL_454777,2020-04-01,Europe
hCoV-19,England,SHEF-C65F8,2020,EPI_ISL_432821,2020-03-21,Europe
hCoV-19,Australia,VIC2450,2020,EPI_ISL_522156,2020-06-28,Oceania
hCoV-19,USA,LA-GBCL-26629192,2020,EPI_ISL_485214,2020-04-24,NorthAmerica
hCoV-19,Scotland,CVR544,2020,EPI_ISL_433311,2020-03-24,Europe
hCoV-19,Australia,VIC2377,2020,EPI_ISL_522097,2020-06-29,Oceania
hCoV-19,Belgium,ULG-10255,2020,EPI_ISL_515062,2020-07-17,Europe
hCoV-19,USA,NY-PV09358,2020,EPI_ISL_450046,2020-03-16,NorthAmerica
hCoV-19,Australia,VIC4929,2020,EPI_ISL_519303,2020-07-14,Oceania
hCoV-19,England,CAMB-1AD8DF,2020,EPI_ISL_448021,2020-05-01,Europe
hCoV-19,England,LIVE-A9BBD,2020,EPI_ISL_517333,2020-03-24,Europe
hCoV-19,India,OR-RMRC103,2020,EPI_ISL_455749,2020-05-06,Asia
hCoV-19,England,QEUH-96017B,2020,EPI_ISL_531864,2020-08-06,Europe
hCoV-19,Singapore,505,2020,EPI_ISL_479583,2020-06-06,Asia
hCoV-19,Scotland,QEUH-98FEE8,2020,EPI_ISL_534448,2020-08-30,Europe
hCoV-19,USA,TX-DSHS-0144,2020,EPI_ISL_522970,2020-05-28,NorthAmerica
hCoV-19,Spain,PV-IBV-2077,2020,EPI_ISL_468872,2020-04-10,Europe
hCoV-19,Bangladesh,BCSIR-NILMRC-182,2020,EPI_ISL_483630,2020-06-20,Asia
hCoV-19,USA,VA-DCLS-0506,2020,EPI_ISL_485818,2020-05-29,NorthAmerica
hCoV-19,England,BRIS-12EF0E,2020,EPI_ISL_488437,2020-04-23,Europe
hCoV-19,USA,MA-MGH-00304,2020,EPI_ISL_460430,2020-04-01,NorthAmerica
hCoV-19,USA,TX-HMH0282,2020,EPI_ISL_434910,2020-03-27,NorthAmerica
hCoV-19,Scotland,EDB1014,2020,EPI_ISL_439144,2020-04-07,Europe
hCoV-19,England,BRIS-12F6CC,2020,EPI_ISL_488262,2020-03-06,Europe
hCoV-19,Spain,CL-IBV-97006326,2020,EPI_ISL_537682,2020-05-08,Europe
hCoV-19,Australia,VIC5131,2020,EPI_ISL_519934,2020-07-18,Oceania
hCoV-19,England,LOND-124C67A,2020,EPI_ISL_490421,2020-00-00,Europe
hCoV-19,Spain,MD-IBV-004944,2020,EPI_ISL_481090,2020-04-12,Europe
hCoV-19,Switzerland,BS-UHB-42200093,2020,EPI_ISL_528268,2020-03-20,Europe
hCoV-19,England,BRIS-124454,2020,EPI_ISL_492778,2020-04-08,Europe
hCoV-19,USA,UT-0884,2020,EPI_ISL_435385,2020-04-06,NorthAmerica
hCoV-19,Canada,QC-LSPQ-L00219335,2020,EPI_ISL_535791,2020-03-14,NorthAmerica
hCoV-19,Scotland,CVR3370,2020,EPI_ISL_456800,2020-05-06,Europe
hCoV-19,USA,LA-GBCL-26791723,2020,EPI_ISL_485342,2020-04-09,NorthAmerica
hCoV-19,Israel,2089718,2020,EPI_ISL_447366,2020-04-01,Asia
hCoV-19,USA,UT-UPHL-2009268,2020,EPI_ISL_525251,2020-05-14,NorthAmerica
hCoV-19,South Korea,KCDC2163,2020,EPI_ISL_506957,2020-03-09,Asia
hCoV-19,Scotland,CVR2640,2020,EPI_ISL_478000,2020-04-17,Europe
hCoV-19,England,LEED-2A9F55,2020,EPI_ISL_538959,2020-04-09,Europe
hCoV-19,England,CAMB-7DAA6,2020,EPI_ISL_442223,2020-04-06,Europe
hCoV-19,USA,CO-CSU-C0363-2,2020,EPI_ISL_527403,2020-04-15,NorthAmerica
hCoV-19,USA,MI-MDHHS-SC21582,2020,EPI_ISL_516309,2020-03-23,NorthAmerica
hCoV-19,England,20132017904,2020,EPI_ISL_423730,2020-03-22,Europe
hCoV-19,Iceland,507,2020,EPI_ISL_424529,2020-03-20,Europe
hCoV-19,Austria,CeMM0112,2020,EPI_ISL_437970,2020-03-17,Europe
hCoV-19,USA,MI-MDHHS-SC20982,2020,EPI_ISL_507769,2020-05-14,NorthAmerica
hCoV-19,USA,TX-HMH0322,2020,EPI_ISL_434934,2020-03-28,NorthAmerica
hCoV-19,Scotland,CVR3416,2020,EPI_ISL_456839,2020-05-07,Europe
hCoV-19,England,LIVE-A741E,2020,EPI_ISL_517019,2020-03-28,Europe
hCoV-19,Wales,PHWC-2764D,2020,EPI_ISL_432211,2020-03-30,Europe
hCoV-19,England,NORT-289243,2020,EPI_ISL_453499,2020-03-28,Europe
hCoV-19,England,20144022504,2020,EPI_ISL_423520,2020-03-30,Europe
hCoV-19,Wales,PHWC-1654EE,2020,EPI_ISL_479473,2020-05-17,Europe
hCoV-19,India,UP-NCDC-02321,2020,EPI_ISL_435100,2020-03-29,Asia
hCoV-19,Scotland,EDB3546,2020,EPI_ISL_487880,2020-04-13,Europe
hCoV-19,Wales,PHWC-168EDE,2020,EPI_ISL_499363,2020-05-13,Europe
hCoV-19,Brazil,SC-0243,2020,EPI_ISL_470652,2020-03-18,SouthAmerica
hCoV-19,USA,OR-PROV-135,2020,EPI_ISL_482397,2020-05-01,NorthAmerica
hCoV-19,Wales,PHWC-160A96,2020,EPI_ISL_473008,2020-05-23,Europe
hCoV-19,Portugal,PT1098,2020,EPI_ISL_511645,2020-03-16,Europe
hCoV-19,Wales,PHWC-265D8,2020,EPI_ISL_422250,2020-03-27,Europe
hCoV-19,Netherlands,Utrecht_8,2020,EPI_ISL_414441,2020-03-03,Europe
hCoV-19,England,BRIS-124D1D,2020,EPI_ISL_443809,2020-03-26,Europe
hCoV-19,USA,WA-S2324,2020,EPI_ISL_496956,2020-06-11,NorthAmerica
hCoV-19,USA,MN-MDH-1168,2020,EPI_ISL_476753,2020-05-14,NorthAmerica
hCoV-19,South Korea,KCDC2292,2020,EPI_ISL_510628,2020-05-21,Asia
hCoV-19,England,20099000504,2020,EPI_ISL_464200,2020-02-27,Europe
hCoV-19,Australia,VIC6137,2020,EPI_ISL_518148,2020-07-23,Oceania
hCoV-19,Wales,PHWC-31E39,2020,EPI_ISL_446574,2020-04-07,Europe
hCoV-19,India,KA-InStem-NCBS-0061,2020,EPI_ISL_477261,2020-05-18,Asia
hCoV-19,England,CAMB-1ACA25,2020,EPI_ISL_489404,2020-04-23,Europe
hCoV-19,Australia,VIC647,2020,EPI_ISL_426943,2020-03-28,Oceania
hCoV-19,Netherlands,Overijssel_4,2020,EPI_ISL_460823,2020-04-15,Europe
hCoV-19,England,20139064704,2020,EPI_ISL_465854,2020-03-28,Europe
hCoV-19,India,GJ-GBRC207b,2020,EPI_ISL_475034,2020-06-11,Asia
hCoV-19,Scotland,CVR1085,2020,EPI_ISL_433508,2020-03-29,Europe
hCoV-19,Netherlands,Overijssel_2-2,2020,EPI_ISL_414550,2020-03-06,Europe
hCoV-19,Spain,AR-IBV-005074,2020,EPI_ISL_510360,2020-04-22,Europe
hCoV-19,USA,MI-MDHHS-SC20223,2020,EPI_ISL_447193,2020-03-22,NorthAmerica
hCoV-19,Scotland,CVR3405,2020,EPI_ISL_456829,2020-05-06,Europe
hCoV-19,USA,MN-MDH-310,2020,EPI_ISL_450771,2020-03-30,NorthAmerica
hCoV-19,Wales,PHWC-3612C,2020,EPI_ISL_474624,2020-04-28,Europe
hCoV-19,USA,CA-CZB0125,2020,EPI_ISL_429046,2020-04-08,NorthAmerica
hCoV-19,USA,NY-NYUMC678,2020,EPI_ISL_450395,2020-03-29,NorthAmerica
hCoV-19,England,EXET-136273,2020,EPI_ISL_457214,2020-04-13,Europe
hCoV-19,India,TG-CCMB-W850,2020,EPI_ISL_528826,2020-07-14,Asia
hCoV-19,Wales,PHWC-3464D,2020,EPI_ISL_446952,2020-04-20,Europe
hCoV-19,England,CAMB-76FEA,2020,EPI_ISL_425448,2020-03-31,Europe
hCoV-19,Wales,PHWC-25005,2020,EPI_ISL_420929,2020-03-20,Europe
hCoV-19,Canada,BC_06074915,2020,EPI_ISL_477058,2020-05-00,NorthAmerica
hCoV-19,Wales,PHWC-162BCE,2020,EPI_ISL_473175,2020-05-31,Europe
hCoV-19,Canada,BC_03469913,2020,EPI_ISL_466744,2020-04-00,NorthAmerica
hCoV-19,Spain,AR-IBV-005077,2020,EPI_ISL_500288,2020-04-22,Europe
hCoV-19,Australia,VIC5114,2020,EPI_ISL_519917,2020-07-18,Oceania
hCoV-19,Russia,SPE-RII-12083V,2020,EPI_ISL_524000,2020-05-08,Europe
hCoV-19,Turkey,GLAB-CoV012,2020,EPI_ISL_428346,2020-04-17,Europe
hCoV-19,Singapore,745,2020,EPI_ISL_500572,2020-07-12,Asia
hCoV-19,Wales,PHWC-2CAC4,2020,EPI_ISL_445946,2020-04-01,Europe
hCoV-19,Denmark,ALAB-HH41,2020,EPI_ISL_429297,2020-03-14,Europe
hCoV-19,England,LIVE-A5F5B,2020,EPI_ISL_499497,2020-03-21,Europe
hCoV-19,Scotland,EDB3375,2020,EPI_ISL_487807,2020-04-08,Europe
hCoV-19,USA,ID-UW-2480,2020,EPI_ISL_485946,2020-03-28,NorthAmerica
hCoV-19,Australia,VIC4774,2020,EPI_ISL_519160,2020-07-18,Oceania
hCoV-19,Peru,LIM-INS-155,2020,EPI_ISL_536548,2020-03-19,SouthAmerica
hCoV-19,Scotland,EDB6157,2020,EPI_ISL_473893,2020-05-14,Europe
hCoV-19,Switzerland,BS-ETHZ-110001,2020,EPI_ISL_486443,2020-04-01,Europe
